step,actor_loss,critic_1_loss,critic_2_loss,noise_std
2501,23.112041473388672,273.3570861816406,277.2942810058594,0.3496665333333333
5001,53.09781265258789,440.91949462890625,464.5008239746094,0.34933319999999995
7501,77.19757843017578,401.19549560546875,436.5440673828125,0.34899986666666666
10001,97.12638854980469,559.4185180664062,596.441650390625,0.3486665333333333
12501,105.47282409667969,479.08404541015625,479.87066650390625,0.34833319999999995
15001,127.5693588256836,536.77587890625,460.31365966796875,0.34799986666666666
17501,117.66543579101562,834.98681640625,744.0009155273438,0.3476665333333333
20001,134.31553649902344,657.2686767578125,595.0635986328125,0.34733319999999995
22501,148.29058837890625,846.7474365234375,665.2547607421875,0.34699986666666666
25001,136.73074340820312,939.8338623046875,1687.4697265625,0.3466665333333333
27501,142.12892150878906,900.5751342773438,783.9200439453125,0.34633319999999995
30001,137.7766876220703,879.4498901367188,828.452392578125,0.34599986666666666
32501,126.89656066894531,583.1738891601562,588.548095703125,0.3456665333333333
35001,123.61968994140625,829.8736572265625,604.71044921875,0.34533319999999995
37501,126.5975112915039,761.126220703125,761.4830322265625,0.34499986666666665
40001,115.6894302368164,961.0823974609375,694.15087890625,0.3446665333333333
42501,120.30294036865234,762.0567016601562,872.5236206054688,0.34433319999999995
45001,123.56607818603516,985.65576171875,987.2955932617188,0.34399986666666665
47501,128.81259155273438,815.485107421875,867.8740234375,0.3436665333333333
50001,131.08497619628906,734.4703369140625,779.8490600585938,0.3433332
52501,131.4934844970703,1008.2776489257812,954.1341552734375,0.34299986666666665
55001,124.4886703491211,534.6353759765625,631.8541259765625,0.3426665333333333
57501,126.1332778930664,580.1738891601562,714.9232177734375,0.3423332
60001,130.88645935058594,771.384033203125,699.772216796875,0.34199986666666665
62501,118.12885284423828,752.1229248046875,717.85986328125,0.3416665333333333
65001,133.45611572265625,561.8507080078125,582.1444091796875,0.3413332
67501,121.68343353271484,568.1682739257812,597.9713745117188,0.34099986666666665
70001,127.66917419433594,675.2420043945312,680.3167724609375,0.3406665333333333
72501,129.8591766357422,793.41162109375,847.2911376953125,0.3403332
75001,119.18196868896484,599.6414184570312,563.4541015625,0.33999986666666665
77501,132.20484924316406,857.281005859375,847.052734375,0.3396665333333333
80001,130.2107696533203,484.99981689453125,521.527099609375,0.3393332
82501,125.11138153076172,674.1959228515625,590.1549682617188,0.33899986666666665
85001,134.53001403808594,914.7215576171875,834.4267578125,0.3386665333333333
87501,135.89564514160156,778.1055297851562,894.1199951171875,0.3383332
90001,136.91090393066406,672.0790405273438,683.2932739257812,0.33799986666666665
92501,130.42930603027344,821.0049438476562,821.9576416015625,0.3376665333333333
95001,127.98611450195312,572.8680419921875,570.5366821289062,0.3373332
97501,133.68862915039062,681.0426025390625,633.2807006835938,0.33699986666666665
100001,137.26588439941406,674.0455932617188,684.0693359375,0.3366665333333333
102501,142.3334503173828,785.716064453125,772.3417358398438,0.3363332
105001,147.26332092285156,693.3296508789062,675.6354370117188,0.33599986666666665
107501,141.36981201171875,612.8525390625,651.8978271484375,0.3356665333333333
110001,146.48846435546875,568.7660522460938,658.224853515625,0.3353332
112501,149.6808319091797,759.361572265625,686.498291015625,0.33499986666666665
115001,141.50889587402344,549.2222900390625,536.3969116210938,0.3346665333333333
117501,146.96022033691406,766.8204345703125,762.728759765625,0.3343332
120001,150.22637939453125,753.5886840820312,713.2421875,0.33399986666666664
122501,149.20811462402344,593.3031005859375,540.058349609375,0.3336665333333333
125001,147.4210968017578,648.0631103515625,569.3630981445312,0.3333332
127501,147.32443237304688,613.2660522460938,589.3433837890625,0.33299986666666664
130001,148.24693298339844,620.7791137695312,550.2474365234375,0.3326665333333333
132501,148.63677978515625,716.107666015625,789.8314819335938,0.3323332
135001,146.81182861328125,509.0528259277344,514.3231201171875,0.33199986666666664
137501,152.01083374023438,731.81298828125,716.7425537109375,0.3316665333333333
140001,149.31460571289062,519.5933837890625,547.2828369140625,0.3313332
142501,143.86163330078125,538.2294311523438,483.0528564453125,0.33099986666666664
145001,152.5961456298828,589.1781005859375,442.3974304199219,0.3306665333333333
147501,146.72386169433594,794.3678588867188,683.8475952148438,0.3303332
150001,148.08804321289062,477.42041015625,442.6748046875,0.32999986666666664
152501,144.92391967773438,419.50360107421875,397.8776550292969,0.3296665333333333
155001,152.9497833251953,455.0450439453125,441.51947021484375,0.3293332
157501,152.0787353515625,770.4044189453125,742.865478515625,0.32899986666666664
160001,149.8468780517578,624.5415649414062,566.774658203125,0.3286665333333333
162501,145.5078887939453,593.9871215820312,567.3464965820312,0.3283332
165001,152.58900451660156,644.6778564453125,695.9490356445312,0.32799986666666664
167501,150.20919799804688,479.66778564453125,478.57000732421875,0.3276665333333333
170001,148.6735076904297,553.3565673828125,523.447265625,0.3273332
172501,147.4417724609375,538.6182250976562,545.6837158203125,0.32699986666666664
175001,148.1502685546875,405.0746765136719,435.4709167480469,0.3266665333333333
177501,141.30316162109375,646.9244995117188,632.9130859375,0.3263332
180001,142.29058837890625,423.3357238769531,433.1604309082031,0.32599986666666664
182501,139.530029296875,375.76568603515625,376.7214050292969,0.3256665333333333
185001,148.5319061279297,742.7257080078125,582.9644775390625,0.3253332
187501,138.7567596435547,458.01715087890625,484.759033203125,0.32499986666666664
190001,140.58602905273438,560.384765625,517.4573364257812,0.3246665333333333
192501,144.44129943847656,481.56573486328125,535.9678955078125,0.3243332
195001,140.49427795410156,586.1691284179688,490.2225036621094,0.32399986666666664
197501,139.30406188964844,623.6514892578125,624.7698974609375,0.32366653333333334
200001,141.0352020263672,511.88446044921875,534.60400390625,0.3233332
202501,138.61492919921875,338.4007568359375,282.288818359375,0.32299986666666664
205001,141.35781860351562,667.8650512695312,604.0047607421875,0.3226665333333333
207501,129.3905792236328,557.7070922851562,528.85498046875,0.3223332
210001,138.66796875,806.50390625,802.9866943359375,0.32199986666666663
212501,131.54490661621094,425.2092590332031,483.82110595703125,0.32166653333333334
215001,135.50523376464844,383.3780822753906,388.7881164550781,0.3213332
217501,131.44158935546875,403.0029602050781,429.63604736328125,0.32099986666666663
220001,129.93455505371094,312.97222900390625,286.8553771972656,0.32066653333333334
222501,135.31689453125,337.4755859375,358.74200439453125,0.3203332
225001,131.8883514404297,416.9486083984375,398.3209533691406,0.31999986666666663
227501,131.53756713867188,390.3575134277344,413.9650573730469,0.31966653333333334
230001,128.20925903320312,325.84332275390625,355.48431396484375,0.3193332
232501,132.7987060546875,339.95465087890625,368.3674011230469,0.31899986666666663
235001,124.52809143066406,593.0512084960938,570.951416015625,0.31866653333333333
237501,131.42396545410156,412.9794006347656,397.4554443359375,0.3183332
240001,130.26828002929688,309.8282470703125,274.2193298339844,0.31799986666666663
242501,127.73348999023438,394.44354248046875,376.97650146484375,0.31766653333333333
245001,127.30655670166016,491.3216247558594,489.28387451171875,0.3173332
247501,123.88729858398438,388.83282470703125,355.36541748046875,0.31699986666666663
250001,123.06053924560547,260.83148193359375,267.41754150390625,0.31666653333333333
252501,117.62409210205078,263.1993103027344,220.72219848632812,0.3163332
255001,126.51355743408203,488.5525207519531,605.979248046875,0.31599986666666663
257501,119.6150894165039,356.93853759765625,350.1257629394531,0.31566653333333333
260001,120.71337890625,208.20814514160156,210.82330322265625,0.3153332
262501,119.4483642578125,327.9726257324219,366.72637939453125,0.31499986666666663
265001,117.93181610107422,329.5465393066406,353.255859375,0.31466653333333333
267501,114.42859649658203,273.1031188964844,244.85824584960938,0.3143332
270001,115.7021713256836,248.6263427734375,241.30728149414062,0.3139998666666666
272501,117.56634521484375,627.2567749023438,546.3533935546875,0.31366653333333333
275001,113.85345458984375,559.33935546875,497.912353515625,0.3133332
277501,116.60795593261719,506.5196838378906,487.4028625488281,0.3129998666666666
280001,113.75518798828125,368.2523193359375,378.93505859375,0.31266653333333333
282501,117.02961730957031,294.9647216796875,272.9801025390625,0.3123332
285001,114.45719146728516,405.08538818359375,378.81964111328125,0.3119998666666666
287501,113.95892333984375,367.1824645996094,402.48114013671875,0.31166653333333333
290001,111.06377410888672,295.4115295410156,287.51519775390625,0.3113332
292501,115.26829528808594,315.18359375,338.72955322265625,0.3109998666666666
295001,110.24073028564453,300.368408203125,333.8440856933594,0.31066653333333333
297501,106.74319458007812,370.2899169921875,341.49267578125,0.3103332
300001,109.87488555908203,227.95457458496094,224.1641387939453,0.3099998666666666
302501,108.10065460205078,256.30645751953125,244.78240966796875,0.3096665333333333
305001,110.8885498046875,326.0849609375,313.81915283203125,0.3093332
307501,108.53001403808594,368.06146240234375,293.5069274902344,0.3089998666666667
310001,106.57363891601562,288.83642578125,251.4464111328125,0.3086665333333333
312501,104.80815887451172,363.00506591796875,391.33917236328125,0.3083332
315001,103.62045288085938,234.66258239746094,255.43017578125,0.3079998666666666
317501,107.19239807128906,312.7734680175781,293.7255859375,0.3076665333333333
320001,102.66222381591797,279.27191162109375,325.58929443359375,0.3073332
322501,105.9444808959961,487.0594482421875,471.7244567871094,0.3069998666666666
325001,101.84635162353516,389.19061279296875,341.271728515625,0.3066665333333333
327501,103.61363983154297,166.0345916748047,176.2416534423828,0.30633319999999997
330001,97.66539764404297,242.59979248046875,268.21221923828125,0.3059998666666667
332501,103.46632385253906,314.7398986816406,311.1767578125,0.3056665333333333
335001,99.63240814208984,214.3614044189453,225.7332763671875,0.30533319999999997
337501,98.03604125976562,306.0752868652344,284.1119384765625,0.3049998666666667
340001,102.1064682006836,353.7049560546875,332.9637451171875,0.3046665333333333
342501,96.81941223144531,266.72845458984375,253.8401641845703,0.30433319999999997
345001,100.1301040649414,257.0860290527344,279.7359619140625,0.3039998666666666
347501,97.22964477539062,373.92138671875,371.40472412109375,0.3036665333333333
350001,96.41934967041016,331.5357360839844,318.70587158203125,0.30333319999999997
352501,97.24636840820312,355.927490234375,366.5419921875,0.3029998666666667
355001,93.43221282958984,261.73162841796875,238.17642211914062,0.3026665333333333
357501,96.32783508300781,314.71209716796875,280.030517578125,0.30233319999999997
360001,96.59440612792969,243.548828125,243.31593322753906,0.30199986666666667
362501,94.98246002197266,326.53607177734375,377.12322998046875,0.3016665333333333
365001,95.08806610107422,138.9116973876953,131.78761291503906,0.30133319999999997
367501,94.29618072509766,245.79827880859375,292.9772033691406,0.30099986666666667
370001,99.04534149169922,200.42892456054688,190.84317016601562,0.3006665333333333
372501,90.32534790039062,299.76397705078125,300.94378662109375,0.30033319999999997
375001,96.01892852783203,373.4163818359375,342.94354248046875,0.29999986666666667
377501,88.71247863769531,221.03872680664062,245.91880798339844,0.2996665333333333
380001,91.26091766357422,193.88450622558594,192.89578247070312,0.29933319999999997
382501,90.32595825195312,305.1463623046875,364.6653747558594,0.29899986666666667
385001,92.2112045288086,181.02398681640625,220.53839111328125,0.2986665333333333
387501,90.06234741210938,230.65171813964844,228.53228759765625,0.29833319999999997
390001,90.17816925048828,357.0682373046875,391.57666015625,0.29799986666666667
392501,88.28400421142578,215.26126098632812,227.957763671875,0.2976665333333333
395001,91.08692169189453,222.66224670410156,234.73214721679688,0.29733319999999996
397501,86.78303527832031,339.5361633300781,282.6051330566406,0.29699986666666667
400001,83.41006469726562,260.7052917480469,201.9391632080078,0.2966665333333333
402501,87.77694702148438,197.64633178710938,176.66195678710938,0.29633319999999996
405001,87.46895599365234,308.81005859375,328.0999755859375,0.29599986666666667
407501,84.64295959472656,434.83349609375,418.22705078125,0.2956665333333333
410001,86.31641387939453,286.0349426269531,259.5164794921875,0.29533319999999996
412501,80.66959381103516,213.22613525390625,238.49432373046875,0.29499986666666667
415001,83.98866271972656,185.73574829101562,177.2166748046875,0.2946665333333333
417501,84.3927230834961,241.54705810546875,237.2930908203125,0.29433319999999996
420001,84.19955444335938,216.77749633789062,210.4146728515625,0.29399986666666666
422501,85.62100219726562,238.20419311523438,208.18919372558594,0.2936665333333333
425001,84.49758911132812,197.52374267578125,197.85763549804688,0.29333319999999996
427501,83.4573745727539,262.493408203125,282.4723205566406,0.29299986666666666
430001,84.42749786376953,331.899169921875,341.9480895996094,0.2926665333333333
432501,77.9969253540039,315.1220397949219,290.78118896484375,0.29233319999999996
435001,82.65641784667969,496.3984375,500.3011474609375,0.29199986666666666
437501,80.57991790771484,246.06124877929688,200.65380859375,0.2916665333333333
440001,82.16680145263672,269.0076904296875,256.43951416015625,0.29133319999999996
442501,80.05477142333984,367.0880126953125,375.2042541503906,0.29099986666666666
445001,73.44371795654297,153.99322509765625,162.11778259277344,0.2906665333333333
447501,74.37422180175781,228.10653686523438,245.263916015625,0.29033319999999996
450001,77.20435333251953,186.5607147216797,215.2398681640625,0.28999986666666666
452501,77.73579406738281,296.5513000488281,347.49749755859375,0.2896665333333333
455001,76.49357604980469,300.38604736328125,273.84588623046875,0.28933319999999996
457501,72.01446533203125,249.0807342529297,229.4833984375,0.28899986666666666
460001,73.47761535644531,204.8265380859375,235.46261596679688,0.2886665333333333
462501,70.8372802734375,182.55239868164062,203.45758056640625,0.28833319999999996
465001,71.15533447265625,321.33941650390625,317.666748046875,0.28799986666666666
467501,73.16654205322266,225.76568603515625,224.46414184570312,0.2876665333333333
470001,74.74398040771484,395.02197265625,416.2288818359375,0.28733319999999996
472501,70.3155517578125,245.13427734375,265.26776123046875,0.28699986666666666
475001,76.74331665039062,223.20936584472656,244.80152893066406,0.2866665333333333
477501,74.70524597167969,147.89268493652344,158.2818603515625,0.28633319999999995
480001,75.75940704345703,229.37835693359375,239.1158905029297,0.28599986666666666
482501,71.98136901855469,194.9382781982422,189.14736938476562,0.2856665333333333
485001,72.37236022949219,258.6503601074219,240.554443359375,0.28533319999999995
487501,70.83349609375,169.78924560546875,164.2587432861328,0.28499986666666666
490001,72.7420883178711,217.7095184326172,256.31781005859375,0.2846665333333333
492501,74.31739807128906,271.9779052734375,259.57916259765625,0.28433319999999995
495001,68.63597106933594,199.10760498046875,229.31578063964844,0.28399986666666666
497501,68.18998718261719,324.0138244628906,342.1861572265625,0.2836665333333333
500001,74.26042938232422,284.4896545410156,307.20294189453125,0.28333319999999995
502501,69.62612915039062,193.39608764648438,179.4635009765625,0.28299986666666666
505001,66.28507995605469,155.10646057128906,155.7723388671875,0.2826665333333333
507501,67.4383773803711,207.84234619140625,261.36175537109375,0.28233319999999995
510001,69.22911071777344,160.0428466796875,138.5414581298828,0.28199986666666665
512501,67.55352020263672,205.53736877441406,170.3113555908203,0.2816665333333333
515001,63.51564407348633,162.687744140625,152.372314453125,0.28133319999999995
517501,61.94786071777344,210.579833984375,257.51483154296875,0.28099986666666665
520001,64.00748443603516,274.2023620605469,333.3789367675781,0.2806665333333333
522501,60.856075286865234,263.0562438964844,223.2160186767578,0.28033319999999995
525001,59.57699966430664,181.9608154296875,180.44281005859375,0.27999986666666665
527501,59.79720687866211,202.49122619628906,221.26634216308594,0.2796665333333333
530001,58.481327056884766,381.2208251953125,389.5418395996094,0.2793332
532501,62.67811965942383,553.2233276367188,573.024658203125,0.27899986666666665
535001,56.448936462402344,231.6443634033203,208.47695922851562,0.2786665333333333
537501,60.9212646484375,123.31875610351562,128.62255859375,0.27833319999999995
540001,60.768218994140625,139.81893920898438,143.4794158935547,0.27799986666666665
542501,56.47391128540039,145.87152099609375,167.23846435546875,0.2776665333333333
545001,56.88174819946289,181.2784423828125,157.167236328125,0.27733319999999995
547501,54.649776458740234,111.04386138916016,102.01295471191406,0.27699986666666665
550001,54.22271728515625,231.70774841308594,223.74290466308594,0.2766665333333333
552501,53.26394271850586,135.34133911132812,131.61453247070312,0.2763332
555001,52.43457794189453,133.52296447753906,134.52996826171875,0.27599986666666665
557501,52.14602279663086,255.02850341796875,276.85491943359375,0.2756665333333333
560001,49.77094650268555,125.83575439453125,111.96615600585938,0.2753332
562501,49.84707260131836,196.38766479492188,115.9307861328125,0.27499986666666665
565001,48.36752700805664,122.89303588867188,116.0994873046875,0.27466653333333335
567501,47.85270690917969,170.97543334960938,172.65249633789062,0.2743332
570001,46.40785598754883,140.83349609375,130.99789428710938,0.27399986666666665
572501,46.7061767578125,207.13658142089844,218.0775146484375,0.2736665333333333
575001,45.7758674621582,108.12875366210938,92.71319580078125,0.2733332
577501,40.45070266723633,105.46074676513672,94.45590209960938,0.27299986666666665
580001,42.9113883972168,97.80786895751953,97.70077514648438,0.2726665333333333
582501,41.11334991455078,137.947998046875,122.00127410888672,0.27233319999999994
585001,37.00442886352539,129.52650451660156,108.95585632324219,0.27199986666666665
587501,41.76480484008789,102.31631469726562,107.62063598632812,0.27166653333333335
590001,43.36979293823242,101.40800476074219,117.52210998535156,0.2713332
592501,37.87174606323242,104.40191650390625,99.82952880859375,0.27099986666666664
595001,37.19166564941406,96.83506774902344,79.11778259277344,0.2706665333333333
597501,36.255882263183594,62.404476165771484,58.0045166015625,0.2703332
600001,37.70695495605469,280.0399169921875,290.24334716796875,0.26999986666666664
602501,34.73265838623047,74.744873046875,87.02129364013672,0.26966653333333335
605001,33.32402038574219,70.45777893066406,73.52998352050781,0.2693332
607501,35.21542739868164,127.58209228515625,80.66602325439453,0.26899986666666664
610001,32.12474822998047,102.29963684082031,127.51162719726562,0.26866653333333335
612501,28.516273498535156,231.89385986328125,217.57278442382812,0.2683332
615001,30.03843879699707,209.0227813720703,199.669921875,0.26799986666666664
617501,28.856861114501953,250.392333984375,255.1973419189453,0.2676665333333333
620001,30.089059829711914,95.79296875,91.09002685546875,0.2673332
622501,27.590211868286133,53.538238525390625,54.31703567504883,0.26699986666666664
625001,25.7487735748291,187.13668823242188,168.63462829589844,0.26666653333333334
627501,23.156782150268555,49.86851501464844,50.83588790893555,0.2663332
630001,28.850460052490234,66.54298400878906,58.499473571777344,0.26599986666666664
632501,26.88787078857422,105.9244384765625,92.69989013671875,0.26566653333333334
635001,24.936016082763672,58.0086669921875,58.622798919677734,0.2653332
637501,23.268390655517578,79.09851837158203,77.91924285888672,0.26499986666666664
640001,21.70755958557129,62.55889892578125,65.98059844970703,0.2646665333333333
642501,25.7356014251709,42.127342224121094,43.3153190612793,0.2643332
645001,21.338619232177734,50.773990631103516,53.85334014892578,0.26399986666666664
647501,20.434566497802734,57.384010314941406,58.84825897216797,0.26366653333333334
650001,22.531248092651367,57.492637634277344,55.931785583496094,0.2633332
652501,20.606334686279297,151.25189208984375,152.92294311523438,0.26299986666666664
655001,21.34087562561035,44.06731414794922,46.9142951965332,0.26266653333333334
657501,17.674598693847656,52.55073547363281,44.70281982421875,0.2623332
660001,18.036781311035156,66.47218322753906,69.05215454101562,0.26199986666666664
662501,17.64282989501953,57.45085144042969,58.75218963623047,0.26166653333333334
665001,14.860462188720703,110.5273666381836,118.39788055419922,0.2613332
667501,15.538511276245117,51.01832580566406,52.10401916503906,0.26099986666666664
670001,17.135602951049805,108.28501892089844,109.54896545410156,0.26066653333333334
672501,16.017316818237305,68.51895141601562,69.26090240478516,0.2603332
675001,14.084541320800781,42.444618225097656,45.68611145019531,0.25999986666666663
677501,14.667484283447266,51.90603256225586,50.61827087402344,0.25966653333333334
680001,15.315597534179688,55.519439697265625,51.39413070678711,0.2593332
682501,12.345980644226074,48.617584228515625,63.317481994628906,0.25899986666666663
685001,14.749076843261719,77.76431274414062,76.09603881835938,0.25866653333333334
687501,13.828124046325684,54.67862319946289,59.369873046875,0.2583332
690001,13.660383224487305,38.3466796875,35.634742736816406,0.25799986666666663
692501,14.209671020507812,58.61551284790039,58.16389465332031,0.25766653333333334
695001,17.504446029663086,70.56118774414062,65.80305480957031,0.2573332
697501,10.988755226135254,76.03219604492188,70.60155487060547,0.25699986666666663
700001,12.72098159790039,50.648719787597656,52.22478485107422,0.25666653333333334
702501,15.873087882995605,45.615333557128906,42.001766204833984,0.2563332
705001,13.010224342346191,56.04163360595703,51.7578125,0.25599986666666663
707501,13.948458671569824,47.67967224121094,46.76710891723633,0.25566653333333333
710001,9.587618827819824,44.09674835205078,58.23735809326172,0.2553332
712501,13.281466484069824,64.22783660888672,61.42242431640625,0.25499986666666663
715001,13.630918502807617,72.78515625,71.26458740234375,0.25466653333333333
717501,8.491321563720703,46.71178436279297,48.477256774902344,0.2543332
720001,11.071513175964355,66.16725158691406,62.01595687866211,0.25399986666666663
722501,11.368871688842773,51.87394714355469,63.13276672363281,0.25366653333333333
725001,13.05793571472168,59.850948333740234,65.95842742919922,0.2533332
727501,7.859898090362549,69.1661605834961,49.72099685668945,0.25299986666666663
730001,10.646255493164062,217.3369903564453,271.7608337402344,0.25266653333333333
732501,7.090324401855469,47.90681076049805,49.73857116699219,0.2523332
735001,10.901406288146973,81.6382064819336,96.69444274902344,0.2519998666666666
737501,6.6433024406433105,59.426509857177734,62.63536834716797,0.25166653333333333
740001,5.759200572967529,48.169803619384766,52.02583312988281,0.2513332
742501,5.9779157638549805,52.980979919433594,51.76011657714844,0.2509998666666666
745001,6.007781028747559,48.80021667480469,51.48517608642578,0.25066653333333333
747501,7.331543922424316,58.843807220458984,60.62023162841797,0.2503332
750001,3.5430195331573486,59.13095474243164,53.284149169921875,0.24999986666666663
752501,7.216831684112549,67.78721618652344,70.26283264160156,0.24966653333333333
755001,6.908257961273193,57.40021896362305,46.93288803100586,0.24933319999999998
757501,4.3157806396484375,43.434268951416016,46.68510437011719,0.24899986666666665
760001,7.48142147064209,279.30712890625,296.9078674316406,0.24866653333333333
762501,7.86931037902832,272.06060791015625,275.773681640625,0.24833319999999998
765001,4.237112522125244,59.526031494140625,42.412376403808594,0.24799986666666665
767501,4.754239082336426,66.63085174560547,66.09153747558594,0.24766653333333333
770001,4.7499165534973145,48.070003509521484,57.22386169433594,0.24733319999999998
772501,4.1789140701293945,50.88658905029297,51.64194869995117,0.24699986666666662
775001,4.376150608062744,52.335689544677734,53.1094856262207,0.24666653333333333
777501,6.184220314025879,59.9044075012207,65.99893951416016,0.24633319999999997
780001,10.00814437866211,95.17236328125,69.28474426269531,0.24599986666666665
782501,6.670295715332031,56.543121337890625,60.997406005859375,0.24566653333333333
785001,2.912757635116577,80.57148742675781,97.75401306152344,0.24533319999999997
787501,6.017991542816162,49.44814682006836,57.89118957519531,0.24499986666666665
790001,0.31785666942596436,61.64390182495117,61.37676239013672,0.24466653333333332
792501,2.5181806087493896,471.3286437988281,465.7160949707031,0.24433319999999997
795001,3.482266664505005,76.03022766113281,65.93943786621094,0.24399986666666662
797501,4.509210586547852,73.70198059082031,71.71528625488281,0.24366653333333332
800001,1.558402419090271,66.16654205322266,61.460453033447266,0.24333319999999997
802501,3.8282997608184814,60.264827728271484,60.622154235839844,0.24299986666666665
805001,1.0232316255569458,54.1418342590332,61.318511962890625,0.24266653333333332
807501,-0.9905770421028137,52.887325286865234,52.7421875,0.24233319999999997
810001,3.3024799823760986,57.763671875,56.689414978027344,0.24199986666666665
812501,2.8770971298217773,53.28068542480469,46.88383865356445,0.24166653333333332
815001,3.1539015769958496,51.69891357421875,49.92167282104492,0.24133319999999997
817501,3.154254198074341,83.37537384033203,104.35964965820312,0.24099986666666667
820001,2.4803566932678223,35.99494934082031,39.99127960205078,0.24066653333333332
822501,-1.18683660030365,52.766845703125,52.06963348388672,0.24033319999999997
825001,1.692177414894104,57.951812744140625,53.335853576660156,0.23999986666666664
827501,-2.2992117404937744,62.14121627807617,55.571495056152344,0.23966653333333332
830001,-0.42397409677505493,43.24382400512695,42.67354202270508,0.23933319999999997
832501,0.7006932497024536,56.186195373535156,56.899417877197266,0.23899986666666664
835001,-2.2778618335723877,466.23321533203125,432.53631591796875,0.23866653333333332
837501,0.04341437667608261,52.73031997680664,55.01757049560547,0.23833319999999997
840001,1.0233054161071777,127.22866821289062,126.10233306884766,0.23799986666666667
842501,-3.804224967956543,45.86888122558594,46.539894104003906,0.23766653333333332
845001,-1.6222922801971436,49.770851135253906,45.6108283996582,0.23733319999999997
847501,-3.197694778442383,77.40763854980469,73.63119506835938,0.23699986666666664
850001,-3.7915632724761963,57.13827133178711,56.932838439941406,0.23666653333333332
852501,-1.6240642070770264,334.95770263671875,330.83563232421875,0.23633319999999997
855001,-1.7033337354660034,54.45607376098633,62.598060607910156,0.23599986666666667
857501,-4.72761344909668,46.79523468017578,50.39678955078125,0.23566653333333332
860001,-3.4332985877990723,71.63888549804688,63.384239196777344,0.2353332
862501,-2.8235702514648438,77.68264770507812,82.53437042236328,0.23499986666666667
865001,-8.610596656799316,49.51667022705078,51.91302490234375,0.23466653333333332
867501,-3.1379308700561523,51.87736129760742,51.834346771240234,0.23433319999999996
870001,-3.4742839336395264,56.412376403808594,56.53797912597656,0.23399986666666664
872501,-7.468209266662598,49.48419189453125,38.937583923339844,0.23366653333333331
875001,-6.0063300132751465,412.48388671875,381.493896484375,0.2333332
877501,-3.8705077171325684,63.44841003417969,52.209693908691406,0.23299986666666667
880001,-2.639166831970215,58.8958740234375,58.66025161743164,0.23266653333333331
882501,-6.619460105895996,48.942169189453125,46.45195007324219,0.2323332
885001,-9.110404014587402,49.15936279296875,44.309959411621094,0.23199986666666667
887501,-6.942150592803955,57.49431610107422,57.06227111816406,0.2316665333333333
890001,-7.62988805770874,56.621482849121094,51.442543029785156,0.23133319999999996
892501,-8.143522262573242,73.11258697509766,52.00871658325195,0.23099986666666664
895001,-7.327962875366211,46.19026565551758,50.50674819946289,0.2306665333333333
897501,-8.386455535888672,58.799468994140625,59.218406677246094,0.2303332
900001,-9.971187591552734,64.94281005859375,53.595794677734375,0.22999986666666666
902501,-10.05154037475586,75.86590576171875,80.36221313476562,0.2296665333333333
905001,-13.067798614501953,65.50547790527344,57.202972412109375,0.2293332
907501,-7.680525779724121,100.89213562011719,95.88675689697266,0.22899986666666666
910001,-7.34186315536499,71.65550231933594,74.40093994140625,0.2286665333333333
912501,-9.082809448242188,466.74560546875,461.05255126953125,0.22833319999999996
915001,-14.69733715057373,52.189491271972656,54.011131286621094,0.22799986666666666
917501,-15.426850318908691,78.2058334350586,61.3438720703125,0.2276665333333333
920001,-14.600472450256348,47.1845703125,43.55670166015625,0.22733319999999999
922501,-11.933015823364258,78.30000305175781,179.51202392578125,0.22699986666666666
925001,-14.062678337097168,49.941162109375,51.273948669433594,0.2266665333333333
927501,-14.183320999145508,50.56571960449219,57.46147918701172,0.22633319999999998
930001,-14.298218727111816,54.449954986572266,51.99878692626953,0.22599986666666666
932501,-14.302003860473633,59.31730270385742,57.9708251953125,0.2256665333333333
935001,-13.199946403503418,547.6094970703125,453.3211975097656,0.22533319999999998
937501,-13.211868286132812,51.95878601074219,56.28799819946289,0.22499986666666666
940001,-14.385211944580078,51.760005950927734,48.902095794677734,0.2246665333333333
942501,-13.581538200378418,452.4609375,455.3304138183594,0.22433319999999998
945001,-15.222951889038086,312.8913879394531,313.6949768066406,0.22399986666666666
947501,-16.139602661132812,158.214111328125,159.58673095703125,0.2236665333333333
950001,-18.257871627807617,76.36940002441406,73.3866195678711,0.22333319999999998
952501,-10.48412036895752,75.59222412109375,73.1995849609375,0.22299986666666666
955001,-18.16432762145996,557.7608032226562,589.6229858398438,0.22266653333333333
957501,-17.045177459716797,51.6671142578125,61.552032470703125,0.22233319999999998
960001,-14.385781288146973,392.51953125,376.8135070800781,0.22199986666666666
962501,-19.009902954101562,50.757266998291016,45.163299560546875,0.2216665333333333
965001,-19.457487106323242,775.5421142578125,761.70361328125,0.22133319999999998
967501,-20.088401794433594,61.70635223388672,41.157066345214844,0.22099986666666666
970001,-23.014755249023438,59.57185363769531,55.160640716552734,0.2206665333333333
972501,-19.819189071655273,59.940696716308594,66.29216766357422,0.22033319999999998
975001,-18.290332794189453,280.1291198730469,269.80853271484375,0.21999986666666665
977501,-20.175613403320312,59.60536193847656,60.318275451660156,0.21966653333333333
980001,-20.285242080688477,53.617069244384766,59.76118469238281,0.21933319999999998
982501,-21.629976272583008,192.1553955078125,197.78204345703125,0.21899986666666665
985001,-20.222578048706055,360.22991943359375,379.7666015625,0.2186665333333333
987501,-21.63876724243164,52.02940368652344,46.82666015625,0.21833319999999998
990001,-22.556293487548828,87.53490447998047,62.24585723876953,0.21799986666666665
992501,-22.309162139892578,177.8072967529297,201.541259765625,0.21766653333333333
995001,-20.582931518554688,51.25032043457031,48.80270767211914,0.21733319999999998
997501,-20.77345085144043,57.08699035644531,50.27722930908203,0.21699986666666665
1000001,-21.34719467163086,52.83503341674805,48.86848068237305,0.21666653333333333
1002501,-24.577543258666992,57.043540954589844,57.452781677246094,0.21633319999999998
1005001,-24.07925033569336,340.30633544921875,402.7408752441406,0.21599986666666665
1007501,-23.86041259765625,342.44293212890625,360.1132507324219,0.2156665333333333
1010001,-21.547033309936523,81.08183288574219,87.6220474243164,0.2153332
1012501,-24.74505043029785,63.9810905456543,83.21563720703125,0.21499986666666665
1015001,-26.004987716674805,55.76953125,76.48356628417969,0.21466653333333333
1017501,-25.502220153808594,51.46034622192383,51.422157287597656,0.21433319999999997
1020001,-26.269145965576172,65.44027709960938,61.542232513427734,0.21399986666666665
1022501,-24.947023391723633,144.5669403076172,131.51519775390625,0.21366653333333332
1025001,-24.03681755065918,118.40624237060547,101.22048950195312,0.21333319999999997
1027501,-26.094141006469727,581.8915405273438,555.9716186523438,0.21299986666666665
1030001,-26.628795623779297,42.187503814697266,49.234336853027344,0.21266653333333332
1032501,-29.30677032470703,58.005836486816406,56.31966018676758,0.2123332
1035001,-24.90043830871582,156.33425903320312,168.03701782226562,0.21199986666666665
1037501,-25.015993118286133,111.59381103515625,124.85414123535156,0.21166653333333332
1040001,-28.50027084350586,53.691810607910156,58.73130798339844,0.21133319999999997
1042501,-26.353734970092773,59.78657531738281,62.41199493408203,0.21099986666666665
1045001,-28.295028686523438,58.195152282714844,52.855255126953125,0.21066653333333332
1047501,-25.591543197631836,52.536781311035156,59.7923583984375,0.21033319999999997
1050001,-26.30244255065918,83.25978088378906,61.33896255493164,0.20999986666666665
1052501,-26.437345504760742,52.074668884277344,48.27582550048828,0.20966653333333332
1055001,-26.504749298095703,644.719970703125,512.1483764648438,0.2093332
1057501,-26.625150680541992,120.64630126953125,134.2619171142578,0.20899986666666664
1060001,-24.912860870361328,61.578277587890625,64.39862060546875,0.20866653333333332
1062501,-26.28959083557129,77.15092468261719,92.97964477539062,0.20833319999999997
1065001,-28.49709701538086,323.8934326171875,383.0372314453125,0.20799986666666664
1067501,-28.215478897094727,56.79253387451172,60.80856704711914,0.20766653333333332
1070001,-28.964176177978516,46.38674545288086,59.27070617675781,0.2073332
1072501,-32.18626403808594,110.44302368164062,130.9416961669922,0.20699986666666664
1075001,-30.688161849975586,378.51959228515625,377.6269226074219,0.20666653333333332
1077501,-30.882463455200195,102.27510070800781,120.61835479736328,0.2063332
1080001,-29.750377655029297,53.02103805541992,50.13469696044922,0.20599986666666664
1082501,-28.898208618164062,56.255889892578125,60.435829162597656,0.20566653333333332
1085001,-28.966869354248047,57.85988998413086,56.307830810546875,0.20533319999999997
1087501,-30.17153549194336,53.558414459228516,61.476318359375,0.20499986666666667
1090001,-29.74460792541504,86.08629608154297,79.73489379882812,0.20466653333333332
1092501,-27.38590431213379,206.10272216796875,164.0981903076172,0.2043332
1095001,-28.38665008544922,79.93032836914062,101.63630676269531,0.20399986666666664
1097501,-30.878055572509766,438.2530822753906,431.6661376953125,0.20366653333333332
1100001,-32.519065856933594,67.5247802734375,73.80448150634766,0.2033332
1102501,-31.80516242980957,116.75848388671875,77.83967590332031,0.20299986666666664
1105001,-28.672609329223633,156.04144287109375,75.94424438476562,0.20266653333333332
1107501,-30.212535858154297,463.81640625,517.5337524414062,0.2023332
1110001,-30.630874633789062,363.5599670410156,129.93798828125,0.20199986666666667
1112501,-33.8804817199707,50.736968994140625,53.925376892089844,0.20166653333333331
1115001,-31.27315330505371,90.00293731689453,96.71168518066406,0.2013332
1117501,-32.432315826416016,100.1799087524414,90.41445922851562,0.20099986666666664
1120001,-29.523948669433594,80.60353088378906,89.09176635742188,0.2006665333333333
1122501,-32.03596115112305,61.210853576660156,62.984737396240234,0.2003332
1125001,-32.98741149902344,70.58038330078125,77.35494995117188,0.19999986666666664
1127501,-33.329925537109375,305.0240478515625,355.3089294433594,0.1996665333333333
1130001,-33.50071334838867,119.9127197265625,131.2676544189453,0.19933319999999996
1132501,-34.62134552001953,63.425228118896484,73.12223052978516,0.19899986666666666
1135001,-32.696197509765625,55.708587646484375,54.40892028808594,0.1986665333333333
1137501,-33.891658782958984,70.55805969238281,59.31973648071289,0.1983332
1140001,-34.12630081176758,87.11444854736328,66.20690155029297,0.19799986666666666
1142501,-33.256011962890625,69.20713806152344,62.4781494140625,0.1976665333333333
1145001,-34.72327423095703,59.84120559692383,57.49222946166992,0.1973332
1147501,-36.36867904663086,84.033203125,82.61407470703125,0.19699986666666663
1150001,-34.00499725341797,475.42169189453125,472.52447509765625,0.1966665333333333
1152501,-35.68887710571289,229.68939208984375,373.79498291015625,0.19633319999999996
1155001,-34.841407775878906,63.514339447021484,45.317317962646484,0.19599986666666666
1157501,-34.618831634521484,144.0035400390625,113.56710815429688,0.19566653333333334
1160001,-35.486209869384766,87.4112548828125,59.15687561035156,0.19533319999999998
1162501,-35.60026931762695,85.98115539550781,90.28076934814453,0.19499986666666666
1165001,-39.23995590209961,47.7335205078125,47.58662796020508,0.1946665333333333
1167501,-35.42707824707031,48.84153747558594,59.77537155151367,0.19433319999999998
1170001,-34.09989547729492,368.7432861328125,161.932373046875,0.19399986666666663
1172501,-37.32801818847656,124.17585754394531,140.74960327148438,0.1936665333333333
1175001,-38.01905822753906,81.49864196777344,78.56803894042969,0.1933332
1177501,-34.496726989746094,84.76016235351562,102.06977081298828,0.19299986666666666
1180001,-36.68040084838867,95.2151870727539,91.56499481201172,0.19266653333333333
1182501,-37.63257598876953,315.6258850097656,268.2996826171875,0.19233319999999998
1185001,-36.67901611328125,88.55464172363281,97.00582885742188,0.19199986666666666
1187501,-36.166072845458984,70.17179107666016,74.2230453491211,0.1916665333333333
1190001,-36.2790412902832,69.0403060913086,90.5285873413086,0.19133319999999998
1192501,-37.592445373535156,251.4014892578125,253.2940673828125,0.19099986666666663
1195001,-39.249351501464844,75.43264770507812,59.87526321411133,0.1906665333333333
1197501,-40.667335510253906,69.16452026367188,58.673160552978516,0.1903332
1200001,-39.95136260986328,65.80094146728516,55.24945068359375,0.18999986666666666
1202501,-40.766849517822266,463.21337890625,449.1289367675781,0.18966653333333333
1205001,-37.812862396240234,49.30974578857422,47.193878173828125,0.18933319999999998
1207501,-35.980072021484375,64.12455749511719,71.86508178710938,0.18899986666666665
1210001,-40.844810485839844,65.47915649414062,59.94359588623047,0.1886665333333333
1212501,-37.94480895996094,96.68150329589844,79.68598175048828,0.18833319999999998
1215001,-40.60689926147461,84.48123931884766,66.74630737304688,0.18799986666666665
1217501,-40.375572204589844,67.41737365722656,62.77739715576172,0.1876665333333333
1220001,-44.46173858642578,81.4295654296875,75.58525085449219,0.1873332
1222501,-43.209964752197266,46.09180450439453,59.74516296386719,0.18699986666666665
1225001,-40.97856140136719,662.0323486328125,662.563720703125,0.18666653333333333
1227501,-36.432044982910156,389.89434814453125,380.18304443359375,0.18633319999999998
1230001,-36.38987350463867,195.88186645507812,209.79360961914062,0.18599986666666665
1232501,-39.197486877441406,362.2369079589844,363.80731201171875,0.1856665333333333
1235001,-41.11290740966797,104.17961120605469,93.24593353271484,0.18533319999999998
1237501,-41.00998306274414,61.284507751464844,78.94661712646484,0.18499986666666665
1240001,-39.61674499511719,75.95476531982422,96.52311706542969,0.1846665333333333
1242501,-40.81474685668945,69.2474365234375,65.67942810058594,0.1843332
1245001,-38.981571197509766,59.03264617919922,100.73323059082031,0.18399986666666665
1247501,-42.280479431152344,66.05776977539062,65.63975524902344,0.18366653333333333
1250001,-42.017269134521484,169.4167022705078,95.28102111816406,0.18333319999999997
1252501,-41.75658416748047,77.69003295898438,87.17506408691406,0.18299986666666665
1255001,-42.485015869140625,391.7547302246094,410.2650146484375,0.18266653333333333
1257501,-39.92259979248047,53.09056854248047,73.83906555175781,0.18233319999999997
1260001,-39.85759735107422,121.03536987304688,141.44012451171875,0.18199986666666665
1262501,-42.90948486328125,189.85748291015625,179.97698974609375,0.1816665333333333
1265001,-39.239070892333984,59.0897216796875,61.786521911621094,0.1813332
1267501,-40.353721618652344,64.3096923828125,63.332984924316406,0.18099986666666665
1270001,-40.54981231689453,98.09874725341797,74.71226501464844,0.18066653333333332
1272501,-43.0954704284668,60.70258712768555,67.32711791992188,0.1803332
1275001,-39.42635726928711,147.8507080078125,137.01071166992188,0.17999986666666665
1277501,-43.176422119140625,51.82240676879883,49.68303298950195,0.17966653333333332
1280001,-44.02852249145508,111.38194274902344,76.18270111083984,0.17933319999999997
1282501,-43.75528335571289,91.8989486694336,104.33427429199219,0.17899986666666665
1285001,-40.33742141723633,64.31769561767578,93.47454833984375,0.1786665333333333
1287501,-38.04174041748047,74.81500244140625,125.15621948242188,0.1783332
1290001,-45.9537467956543,77.91952514648438,116.51284790039062,0.17799986666666665
1292501,-42.61187744140625,79.56011962890625,67.45881652832031,0.17766653333333332
1295001,-44.31222915649414,305.40533447265625,271.9716491699219,0.1773332
1297501,-43.50371551513672,99.40181732177734,106.02890014648438,0.17699986666666664
1300001,-43.97799301147461,75.10321044921875,70.00660705566406,0.17666653333333332
1302501,-41.089866638183594,64.79520416259766,58.94492721557617,0.17633319999999997
1305001,-42.84855651855469,56.9410400390625,51.962913513183594,0.17599986666666664
1307501,-46.14589309692383,210.6306610107422,163.9914093017578,0.1756665333333333
1310001,-39.62675094604492,125.76372528076172,110.38236999511719,0.1753332
1312501,-41.864871978759766,124.27145385742188,92.56243896484375,0.17499986666666667
1315001,-42.02143478393555,84.51918029785156,81.31398010253906,0.17466653333333332
1317501,-43.592777252197266,329.4099426269531,348.4405517578125,0.1743332
1320001,-41.401092529296875,207.834228515625,210.24636840820312,0.17399986666666664
1322501,-41.740760803222656,331.0773620605469,343.8548583984375,0.17366653333333332
1325001,-42.91994094848633,112.69779968261719,138.20181274414062,0.17333319999999997
1327501,-40.414764404296875,384.178955078125,178.47052001953125,0.17299986666666664
1330001,-45.74480056762695,145.11148071289062,145.5402069091797,0.17266653333333334
1332501,-45.26383972167969,80.76734161376953,86.51365661621094,0.1723332
1335001,-46.00261688232422,100.995849609375,115.08963775634766,0.17199986666666667
1337501,-39.66829299926758,445.150146484375,484.05877685546875,0.17166653333333332
1340001,-39.58124542236328,430.3525085449219,422.0588073730469,0.1713332
1342501,-44.15810775756836,85.57716369628906,96.41661071777344,0.17099986666666664
1345001,-44.814674377441406,100.55485534667969,78.62367248535156,0.17066653333333331
1347501,-40.878177642822266,508.1891174316406,509.6201171875,0.17033319999999996
1350001,-43.16706848144531,77.09609985351562,64.8118667602539,0.16999986666666664
1352501,-43.34636688232422,462.20867919921875,465.24774169921875,0.16966653333333334
1355001,-44.459293365478516,82.54933166503906,130.0046844482422,0.1693332
1357501,-45.610355377197266,288.4527587890625,248.7011260986328,0.16899986666666666
1360001,-45.427467346191406,62.41809844970703,62.39591979980469,0.1686665333333333
1362501,-47.08050537109375,77.35224914550781,72.11524963378906,0.1683332
1365001,-44.220333099365234,241.89462280273438,237.9962921142578,0.16799986666666664
1367501,-45.08146286010742,77.04161071777344,72.09408569335938,0.1676665333333333
1370001,-46.349693298339844,225.6356964111328,213.4181671142578,0.1673332
1372501,-45.10129928588867,236.63992309570312,226.908935546875,0.16699986666666664
1375001,-42.27688980102539,217.5941162109375,211.7967987060547,0.16666653333333334
1377501,-45.56821060180664,106.89665222167969,100.16500854492188,0.1663332
1380001,-46.97160720825195,90.88627624511719,101.90524291992188,0.16599986666666666
1382501,-45.37039566040039,74.7288818359375,75.46504211425781,0.1656665333333333
1385001,-43.29502487182617,370.4644470214844,92.73178100585938,0.16533319999999999
1387501,-47.693687438964844,462.24383544921875,447.37823486328125,0.16499986666666663
1390001,-46.69228744506836,180.190673828125,262.51275634765625,0.1646665333333333
1392501,-41.56206130981445,109.79339599609375,75.71682739257812,0.16433319999999998
1395001,-43.30952072143555,229.62081909179688,223.817626953125,0.16399986666666663
1397501,-44.549476623535156,74.26200866699219,92.794677734375,0.16366653333333334
1400001,-46.382118225097656,73.18518829345703,75.07823181152344,0.16333319999999998
1402501,-45.45281982421875,74.39871215820312,69.180908203125,0.16299986666666666
1405001,-44.97700500488281,133.64669799804688,99.85408020019531,0.1626665333333333
1407501,-43.16416931152344,126.33417510986328,92.80567932128906,0.16233319999999998
1410001,-45.77837371826172,855.9900512695312,823.3509521484375,0.16199986666666666
1412501,-49.45207214355469,94.53814697265625,101.36518859863281,0.1616665333333333
1415001,-45.967750549316406,96.72154235839844,104.07879638671875,0.16133319999999998
1417501,-45.570396423339844,83.41914367675781,92.88028717041016,0.16099986666666663
1420001,-45.23342514038086,224.56268310546875,187.5615692138672,0.16066653333333333
1422501,-45.184383392333984,108.78153228759766,90.1288833618164,0.16033319999999998
1425001,-44.0101203918457,242.61343383789062,211.67861938476562,0.15999986666666666
1427501,-43.787757873535156,98.58143615722656,80.09397888183594,0.15966653333333333
1430001,-48.89065170288086,65.53997802734375,61.55940628051758,0.15933319999999998
1432501,-46.31279373168945,294.99505615234375,255.13490295410156,0.15899986666666666
1435001,-48.410850524902344,987.9583740234375,908.7747802734375,0.1586665333333333
1437501,-41.12300491333008,72.95610809326172,76.53019714355469,0.15833319999999998
1440001,-47.34516525268555,79.12054443359375,119.99068450927734,0.15799986666666663
1442501,-42.02952194213867,211.9764404296875,198.0033416748047,0.15766653333333333
1445001,-43.932830810546875,176.3387451171875,160.60879516601562,0.15733319999999998
1447501,-45.98157501220703,289.13238525390625,290.138671875,0.15699986666666665
1450001,-47.44437789916992,151.00682067871094,181.7920379638672,0.15666653333333333
1452501,-48.215545654296875,112.51289367675781,99.73007202148438,0.15633319999999998
1455001,-48.032325744628906,69.68104553222656,54.05101776123047,0.15599986666666665
1457501,-48.93479919433594,114.91567993164062,143.856689453125,0.1556665333333333
1460001,-48.21343994140625,63.34980392456055,67.02420806884766,0.15533319999999998
1462501,-44.11934280395508,81.6258544921875,52.77833557128906,0.15499986666666662
1465001,-49.431739807128906,60.37738037109375,53.890655517578125,0.15466653333333333
1467501,-49.19740676879883,284.759521484375,279.5744934082031,0.1543332
1470001,-48.96992492675781,382.3124084472656,400.1457824707031,0.15399986666666665
1472501,-45.46092224121094,104.53488159179688,97.08958435058594,0.15366653333333333
1475001,-45.98109817504883,82.18502807617188,78.3524169921875,0.15333319999999998
1477501,-49.25592803955078,159.80685424804688,150.129150390625,0.15299986666666665
1480001,-45.79606628417969,65.35728454589844,57.77998352050781,0.1526665333333333
1482501,-46.3390007019043,125.4783935546875,131.69219970703125,0.15233319999999997
1485001,-46.90325927734375,295.9040222167969,293.0517272949219,0.15199986666666668
1487501,-41.15335464477539,92.20551300048828,95.59446716308594,0.15166653333333333
1490001,-46.02962112426758,66.45115661621094,73.92474365234375,0.1513332
1492501,-46.038631439208984,87.47274780273438,57.328338623046875,0.15099986666666665
1495001,-50.163230895996094,327.080322265625,243.43910217285156,0.15066653333333332
1497501,-45.453216552734375,205.7484130859375,220.70443725585938,0.15033319999999997
1500001,-49.23746871948242,76.51683044433594,53.82929992675781,0.14999986666666665
1502501,-45.7823600769043,71.30680847167969,73.69573211669922,0.1496665333333333
1505001,-45.89054489135742,133.146240234375,133.82264709472656,0.14933319999999997
1507501,-48.95914840698242,72.96417999267578,84.77190399169922,0.14899986666666667
1510001,-45.163516998291016,493.43829345703125,513.8544921875,0.14866653333333332
1512501,-45.16096878051758,85.05535888671875,80.55244445800781,0.1483332
1515001,-46.268070220947266,66.10391235351562,61.07686233520508,0.14799986666666665
1517501,-48.25581359863281,85.01163482666016,78.22554779052734,0.14766653333333332
1520001,-44.33003234863281,73.61236572265625,72.34918212890625,0.14733319999999997
1522501,-43.739654541015625,258.914306640625,262.3209228515625,0.14699986666666665
1525001,-46.062679290771484,62.78683853149414,72.6104507446289,0.14666653333333332
1527501,-43.93505096435547,92.18516540527344,90.80351257324219,0.14633319999999997
1530001,-47.79787826538086,67.45420837402344,68.48893737792969,0.14599986666666667
1532501,-48.072120666503906,198.99266052246094,183.21566772460938,0.14566653333333332
1535001,-45.34320831298828,259.119140625,295.06689453125,0.1453332
1537501,-45.33753204345703,440.3894348144531,464.8491516113281,0.14499986666666664
1540001,-47.32331466674805,79.4626693725586,86.07145690917969,0.14466653333333332
1542501,-46.455867767333984,69.9659423828125,83.32070922851562,0.14433319999999997
1545001,-43.99898147583008,83.95062255859375,83.72152709960938,0.14399986666666664
1547501,-49.24071502685547,127.00726318359375,129.7288055419922,0.14366653333333332
1550001,-42.55375671386719,86.03726959228516,85.53016662597656,0.14333319999999997
1552501,-46.10350799560547,473.4457092285156,483.5572814941406,0.14299986666666667
1555001,-47.97845458984375,84.84933471679688,69.68251037597656,0.14266653333333332
1557501,-48.96120834350586,152.1747589111328,142.22508239746094,0.1423332
1560001,-45.29062271118164,191.0193328857422,175.61428833007812,0.14199986666666664
1562501,-46.21489715576172,485.43157958984375,491.60186767578125,0.14166653333333332
1565001,-44.9419059753418,423.8658752441406,492.30572509765625,0.1413332
1567501,-49.19725799560547,82.02825927734375,80.92750549316406,0.14099986666666664
1570001,-47.845340728759766,344.12249755859375,347.11395263671875,0.14066653333333332
1572501,-47.176700592041016,68.61027526855469,63.94038391113281,0.14033319999999996
1575001,-44.94045639038086,153.39340209960938,157.7340087890625,0.13999986666666667
1577501,-46.62036895751953,80.76509857177734,78.61906433105469,0.13966653333333331
1580001,-46.8818359375,68.08201599121094,63.13396453857422,0.1393332
1582501,-44.83525848388672,55.85155487060547,57.6307373046875,0.13899986666666667
1585001,-47.90135192871094,71.8255844116211,129.8507537841797,0.13866653333333331
1587501,-47.43976974487305,91.88770294189453,99.19113159179688,0.1383332
1590001,-45.2424430847168,55.36237335205078,57.965911865234375,0.13799986666666664
1592501,-47.13200759887695,152.5671844482422,152.06283569335938,0.1376665333333333
1595001,-48.02203369140625,68.95462036132812,77.06700897216797,0.13733319999999996
1597501,-47.198970794677734,72.4986572265625,69.14511108398438,0.13699986666666666
1600001,-46.86285400390625,58.11589050292969,54.602294921875,0.1366665333333333
1602501,-49.268341064453125,87.5972671508789,90.414794921875,0.1363332
1605001,-48.77493667602539,61.70580291748047,78.86420440673828,0.13599986666666666
1607501,-45.21461486816406,158.78375244140625,135.68075561523438,0.1356665333333333
1610001,-47.787715911865234,77.94113159179688,76.95413970947266,0.1353332
1612501,-47.08967971801758,44.687286376953125,52.915306091308594,0.13499986666666663
1615001,-50.26304626464844,132.14071655273438,118.77287292480469,0.1346665333333333
1617501,-47.89276123046875,52.54593276977539,50.54667282104492,0.13433319999999996
1620001,-46.18573760986328,98.88719940185547,103.70913696289062,0.13399986666666666
1622501,-47.681007385253906,67.49063110351562,66.6217041015625,0.13366653333333334
1625001,-45.470855712890625,464.04241943359375,428.78350830078125,0.13333319999999999
1627501,-45.28349304199219,651.8636474609375,569.4287719726562,0.13299986666666666
1630001,-46.63245391845703,278.31781005859375,303.8068542480469,0.1326665333333333
1632501,-44.64912414550781,126.08883666992188,120.58222198486328,0.13233319999999998
1635001,-50.347320556640625,84.67050170898438,86.21111297607422,0.13199986666666663
1637501,-46.52680969238281,65.85440826416016,54.752235412597656,0.1316665333333333
1640001,-47.54361343383789,53.43010711669922,56.224796295166016,0.1313332
1642501,-48.50510787963867,57.429222106933594,65.24378204345703,0.13099986666666666
1645001,-50.08907699584961,93.57821655273438,87.49897766113281,0.13066653333333333
1647501,-48.99759292602539,136.26239013671875,78.91854095458984,0.13033319999999998
1650001,-50.660579681396484,62.16072082519531,71.35568237304688,0.12999986666666666
1652501,-51.66347885131836,71.81353759765625,71.46736145019531,0.1296665333333333
1655001,-47.898231506347656,78.95393371582031,66.14479064941406,0.12933319999999998
1657501,-52.46657943725586,57.819583892822266,57.770713806152344,0.12899986666666663
1660001,-49.1146354675293,72.02871704101562,69.80615234375,0.1286665333333333
1662501,-49.01666259765625,49.14170837402344,50.8580436706543,0.1283332
1665001,-48.35696029663086,114.33293151855469,85.5171890258789,0.12799986666666666
1667501,-47.745513916015625,86.73587036132812,89.6279525756836,0.12766653333333333
1670001,-44.28239822387695,266.44500732421875,252.9449462890625,0.12733319999999998
1672501,-51.087867736816406,263.91546630859375,281.3034362792969,0.12699986666666666
1675001,-53.59709167480469,87.24808502197266,76.13652038574219,0.1266665333333333
1677501,-52.38657760620117,136.99990844726562,141.3219451904297,0.12633319999999998
1680001,-50.39479064941406,71.36708068847656,67.65218353271484,0.12599986666666665
1682501,-49.97464370727539,73.76683807373047,60.648834228515625,0.1256665333333333
1685001,-50.36519241333008,84.74585723876953,63.8515510559082,0.1253332
1687501,-49.61897659301758,50.01044464111328,49.45293045043945,0.12499986666666665
1690001,-52.88286590576172,76.39494323730469,66.78044891357422,0.12466653333333333
1692501,-48.84858322143555,144.46328735351562,153.4342041015625,0.12433319999999998
1695001,-48.64724349975586,416.6155090332031,369.2753601074219,0.12399986666666665
1697501,-49.619232177734375,73.38594055175781,80.57567596435547,0.1236665333333333
1700001,-47.460662841796875,177.29513549804688,161.54571533203125,0.12333319999999998
1702501,-52.88256072998047,51.71028518676758,50.10636520385742,0.12299986666666668
1705001,-49.191532135009766,61.284584045410156,61.019691467285156,0.12266653333333333
1707501,-52.13603210449219,60.10798263549805,70.2906723022461,0.1223332
1710001,-50.114593505859375,64.47615051269531,65.44052124023438,0.12199986666666665
1712501,-54.356258392333984,64.57821655273438,56.58512878417969,0.12166653333333333
1715001,-52.36507034301758,55.73992156982422,47.690643310546875,0.12133319999999997
1717501,-52.352787017822266,53.99734115600586,48.20855712890625,0.12099986666666665
1720001,-52.02115249633789,177.2242889404297,170.40513610839844,0.12066653333333333
1722501,-52.49169921875,60.31566619873047,54.74170684814453,0.12033319999999997
1725001,-49.2643928527832,96.08329772949219,79.03733825683594,0.11999986666666668
1727501,-53.61524963378906,118.15768432617188,110.70346069335938,0.11966653333333332
1730001,-52.30849838256836,329.25677490234375,318.5452575683594,0.1193332
1732501,-51.6461296081543,106.29573059082031,90.91571807861328,0.11899986666666665
1735001,-49.88315963745117,68.4210205078125,67.28704833984375,0.11866653333333332
1737501,-51.00197982788086,92.03359985351562,90.2960205078125,0.1183332
1740001,-53.64235305786133,458.589599609375,459.2915954589844,0.11799986666666665
1742501,-50.755615234375,58.94358825683594,54.04050064086914,0.11766653333333332
1745001,-49.56071472167969,61.57233428955078,64.68560791015625,0.11733319999999997
1747501,-53.5632209777832,72.7457275390625,73.8773422241211,0.11699986666666667
1750001,-49.253868103027344,84.62541198730469,85.20904541015625,0.11666653333333332
1752501,-53.9525260925293,65.49414825439453,59.441497802734375,0.1163332
1755001,-53.129554748535156,73.45782470703125,73.99039459228516,0.11599986666666665
1757501,-50.65337371826172,78.64614868164062,71.48442077636719,0.11566653333333332
1760001,-55.17445373535156,54.842681884765625,48.96742630004883,0.1153332
1762501,-55.86729431152344,65.45028686523438,63.27613067626953,0.11499986666666664
1765001,-53.75564956665039,44.471221923828125,46.365028381347656,0.11466653333333332
1767501,-52.460609436035156,88.06253051757812,79.66781616210938,0.11433319999999997
1770001,-53.47156524658203,74.32178497314453,68.09955596923828,0.11399986666666667
1772501,-54.4089469909668,106.56068420410156,106.8555908203125,0.11366653333333332
1775001,-55.03704833984375,73.06459045410156,73.19397735595703,0.1133332
1777501,-53.57757568359375,135.62571716308594,139.8059539794922,0.11299986666666667
1780001,-53.80060958862305,78.09056854248047,73.23527526855469,0.11266653333333332
1782501,-56.651309967041016,66.23307037353516,60.47610855102539,0.1123332
1785001,-55.41530990600586,149.56895446777344,147.8165283203125,0.11199986666666664
1787501,-56.105804443359375,83.25514221191406,67.45164489746094,0.11166653333333332
1790001,-57.02934265136719,57.16490173339844,64.10694885253906,0.11133319999999997
1792501,-54.46696853637695,70.22015380859375,66.08403778076172,0.11099986666666667
1795001,-54.136810302734375,61.98075866699219,61.91633224487305,0.11066653333333332
1797501,-55.8785400390625,66.18882751464844,69.86304473876953,0.11033319999999999
1800001,-55.97447204589844,52.97612762451172,79.68638610839844,0.10999986666666667
1802501,-51.66858673095703,72.26673889160156,83.93305206298828,0.10966653333333332
1805001,-55.788692474365234,58.82282257080078,57.30226135253906,0.10933319999999999
1807501,-56.32060623168945,57.88914108276367,54.32023620605469,0.10899986666666664
1810001,-53.45732879638672,57.15553283691406,56.825050354003906,0.10866653333333331
1812501,-56.91068649291992,49.81260681152344,44.973838806152344,0.10833319999999996
1815001,-54.44063186645508,45.699195861816406,54.07691192626953,0.10799986666666667
1817501,-53.642494201660156,63.987823486328125,57.57325744628906,0.10766653333333334
1820001,-56.63493728637695,81.55244445800781,71.25587463378906,0.10733319999999999
1822501,-54.08931350708008,130.3587646484375,130.21641540527344,0.10699986666666667
1825001,-55.98302459716797,63.48028564453125,63.89519119262695,0.10666653333333331
1827501,-57.06047821044922,159.39794921875,160.1444549560547,0.10633319999999999
1830001,-56.693077087402344,57.477012634277344,77.49212646484375,0.10599986666666664
1832501,-55.61808776855469,51.08367919921875,44.735374450683594,0.10566653333333331
1835001,-57.612369537353516,232.02215576171875,240.2027587890625,0.10533320000000002
1837501,-58.82039260864258,47.60114288330078,46.65709686279297,0.10499986666666666
1840001,-56.473392486572266,60.099632263183594,61.98859405517578,0.10466653333333334
1842501,-56.53099060058594,116.60091400146484,96.02203369140625,0.10433319999999999
1845001,-58.73272705078125,125.93856811523438,124.72332763671875,0.10399986666666666
1847501,-57.305789947509766,64.69593811035156,72.66215515136719,0.10366653333333331
1850001,-57.13665771484375,72.752197265625,70.7176742553711,0.10333319999999999
1852501,-57.28147888183594,51.27250671386719,48.366600036621094,0.10299986666666663
1855001,-57.529624938964844,39.294559478759766,32.455684661865234,0.10266653333333331
1857501,-58.52353286743164,51.81739807128906,46.10445022583008,0.10233320000000001
1860001,-57.52031326293945,60.851234436035156,58.605072021484375,0.10199986666666666
1862501,-57.05060958862305,67.52540588378906,66.75894165039062,0.10166653333333334
1865001,-60.716678619384766,58.84243392944336,56.559303283691406,0.10133319999999998
1867501,-56.65911865234375,52.82680130004883,53.168174743652344,0.10099986666666666
1870001,-58.613128662109375,39.88237762451172,41.341773986816406,0.10066653333333331
1872501,-56.961299896240234,38.83967590332031,38.764732360839844,0.10033319999999998
1875001,-56.72654342651367,54.49684143066406,58.37824249267578,0.09999986666666666
1877501,-57.49994659423828,58.35071563720703,52.687259674072266,0.09966653333333331
1880001,-57.4976806640625,116.29865264892578,137.15589904785156,0.09933320000000001
1882501,-59.6494255065918,50.85981750488281,46.06031036376953,0.09899986666666666
1885001,-55.413543701171875,88.79242706298828,76.84104919433594,0.0986665333333333
1887501,-55.13148498535156,75.21087646484375,68.12958526611328,0.09833319999999995
1890001,-53.26465606689453,59.96273422241211,49.121429443359375,0.09799986666666666
1892501,-56.13205337524414,79.11289978027344,77.74909973144531,0.09766653333333336
1895001,-59.553245544433594,41.738407135009766,40.48891830444336,0.09733320000000001
1897501,-58.95816421508789,70.00736999511719,71.21392822265625,0.09699986666666666
1900001,-54.02250671386719,60.24962615966797,86.31233978271484,0.0966665333333333
1902501,-55.83672332763672,78.21600341796875,100.79694366455078,0.09633320000000001
1905001,-57.250938415527344,54.007652282714844,54.97026443481445,0.09599986666666666
1907501,-57.524173736572266,51.62544250488281,46.98942565917969,0.0956665333333333
1910001,-55.46487045288086,46.44331359863281,51.17113494873047,0.09533319999999995
1912501,-56.4716682434082,54.3494873046875,49.87637710571289,0.09499986666666665
1915001,-56.5267333984375,58.86009979248047,62.76665496826172,0.09466653333333336
1917501,-56.632080078125,58.48506546020508,65.17988586425781,0.0943332
1920001,-57.275814056396484,52.56634521484375,49.38350296020508,0.09399986666666665
1922501,-55.93952941894531,90.42432403564453,59.30328369140625,0.0936665333333333
1925001,-54.55260467529297,76.33897399902344,69.04946899414062,0.0933332
1927501,-56.04307174682617,57.893226623535156,59.94632339477539,0.09299986666666665
1930001,-56.39000701904297,72.72051239013672,64.2938232421875,0.0926665333333333
1932501,-58.80360412597656,86.64030456542969,85.12527465820312,0.0923332
1935001,-58.40925979614258,143.4770050048828,139.88514709472656,0.09199986666666665
1937501,-55.5221061706543,46.080528259277344,53.30720520019531,0.09166653333333336
1940001,-58.228370666503906,123.21346282958984,120.29185485839844,0.0913332
1942501,-58.468013763427734,61.51724624633789,63.199554443359375,0.09099986666666665
1945001,-59.45458221435547,54.52192306518555,48.255035400390625,0.0906665333333333
1947501,-57.07029342651367,78.45237731933594,75.8535385131836,0.0903332
1950001,-57.58270263671875,167.83929443359375,168.64126586914062,0.08999986666666665
1952501,-56.782283782958984,57.43870162963867,53.85947036743164,0.0896665333333333
1955001,-57.927146911621094,94.80531311035156,91.03752136230469,0.0893332
1957501,-61.0197868347168,42.031455993652344,41.36125564575195,0.08899986666666665
1960001,-56.8860969543457,72.21369934082031,50.197486877441406,0.08866653333333335
1962501,-58.76323318481445,61.27263259887695,59.93561935424805,0.0883332
1965001,-59.42544174194336,47.1295051574707,51.33683395385742,0.08799986666666665
1967501,-57.062889099121094,55.86022186279297,65.31845092773438,0.0876665333333333
1970001,-54.542015075683594,79.99789428710938,90.79121398925781,0.0873332
1972501,-54.4910774230957,49.54356002807617,47.92203903198242,0.08699986666666665
1975001,-59.478729248046875,231.94578552246094,231.71273803710938,0.0866665333333333
1977501,-57.26314926147461,48.521480560302734,52.76428985595703,0.0863332
1980001,-59.34220504760742,51.23387145996094,52.65211486816406,0.08599986666666665
1982501,-57.258975982666016,310.4668884277344,307.9413146972656,0.08566653333333335
1985001,-58.593505859375,63.52862548828125,61.288639068603516,0.0853332
1987501,-58.132423400878906,53.95540237426758,48.96636962890625,0.08499986666666665
1990001,-58.664798736572266,64.40966796875,69.34159088134766,0.08466653333333335
1992501,-56.772769927978516,128.11912536621094,90.04220581054688,0.0843332
1995001,-55.314605712890625,86.21015930175781,77.72896575927734,0.08399986666666664
1997501,-55.837486267089844,139.38323974609375,135.3126220703125,0.08366653333333329
2000001,-57.831058502197266,83.81919860839844,57.682228088378906,0.0833332
2002501,-56.15859603881836,52.194374084472656,47.12467956542969,0.08299986666666664
2005001,-56.498130798339844,44.170841217041016,41.854156494140625,0.08266653333333335
2007501,-55.854949951171875,42.24272918701172,43.47563934326172,0.0823332
2010001,-56.84615707397461,57.40208053588867,60.729286193847656,0.08199986666666664
2012501,-55.893409729003906,68.89820861816406,61.928550720214844,0.08166653333333335
2015001,-54.70429992675781,99.19854736328125,112.52558135986328,0.0813332
2017501,-56.32057571411133,84.89450073242188,97.69645690917969,0.08099986666666664
2020001,-57.41147232055664,43.789119720458984,43.32389831542969,0.08066653333333329
2022501,-57.305885314941406,122.52188110351562,124.82171630859375,0.0803332
2025001,-56.50553894042969,94.84905242919922,103.78990173339844,0.07999986666666664
2027501,-58.46839141845703,40.76814270019531,44.43962860107422,0.07966653333333334
2030001,-58.68687057495117,53.92826843261719,56.07267379760742,0.07933319999999999
2032501,-59.316219329833984,32.810157775878906,34.70725631713867,0.07899986666666664
2035001,-57.88291549682617,50.28368377685547,46.39896011352539,0.07866653333333334
2037501,-59.671043395996094,53.74272155761719,49.1080207824707,0.07833319999999999
2040001,-56.017242431640625,46.34165573120117,44.08584213256836,0.07799986666666664
2042501,-57.84107208251953,68.13572692871094,58.195533752441406,0.07766653333333329
2045001,-60.019710540771484,40.45038604736328,42.475914001464844,0.07733319999999999
2047501,-58.90140914916992,56.428131103515625,58.99955368041992,0.0769998666666667
2050001,-58.721839904785156,77.16507720947266,70.32308197021484,0.07666653333333334
2052501,-60.512935638427734,69.41958618164062,65.43026733398438,0.07633319999999999
2055001,-58.912662506103516,60.66228485107422,59.013450622558594,0.07599986666666664
2057501,-57.411407470703125,46.86081314086914,46.40113830566406,0.07566653333333334
2060001,-59.80125045776367,68.74259948730469,68.7694091796875,0.07533319999999999
2062501,-57.97292709350586,69.26042938232422,65.21641540527344,0.07499986666666664
2065001,-57.53645324707031,90.02279663085938,90.88595581054688,0.07466653333333328
2067501,-60.08453369140625,58.812705993652344,57.038368225097656,0.07433319999999999
2070001,-60.734832763671875,54.87748718261719,52.978187561035156,0.07399986666666669
2072501,-56.615867614746094,54.800811767578125,45.75290298461914,0.07366653333333334
2075001,-58.9697265625,54.925941467285156,49.896156311035156,0.07333319999999999
2077501,-60.25390625,154.57943725585938,154.2515106201172,0.07299986666666664
2080001,-58.90739440917969,55.44656753540039,50.21652603149414,0.07266653333333334
2082501,-60.52518844604492,83.63166046142578,82.32425689697266,0.07233319999999999
2085001,-59.97740936279297,91.28106689453125,87.19438171386719,0.07199986666666663
2087501,-61.445838928222656,54.198028564453125,48.42342758178711,0.07166653333333334
2090001,-61.417564392089844,44.62541961669922,46.30415725708008,0.07133319999999999
2092501,-62.571712493896484,54.87586975097656,54.55218505859375,0.07099986666666669
2095001,-59.84453201293945,36.80545425415039,38.057960510253906,0.07066653333333334
2097501,-58.609676361083984,61.36302947998047,57.95772933959961,0.07033319999999998
2100001,-59.96506118774414,37.17595672607422,39.14729690551758,0.06999986666666663
2102501,-61.756229400634766,45.756439208984375,39.9732780456543,0.06966653333333334
2105001,-59.874961853027344,42.93757629394531,47.62340545654297,0.06933319999999998
2107501,-61.1195182800293,203.78956604003906,204.4266815185547,0.06899986666666663
2110001,-60.44479751586914,34.58490753173828,34.192474365234375,0.06866653333333333
2112501,-60.751808166503906,54.570899963378906,52.267173767089844,0.06833319999999998
2115001,-58.288543701171875,43.62321472167969,42.48386764526367,0.06799986666666669
2117501,-60.23330307006836,42.791526794433594,45.0489501953125,0.06766653333333333
2120001,-60.31106185913086,49.199310302734375,63.705257415771484,0.06733319999999998
2122501,-57.18712615966797,76.412109375,67.76225280761719,0.06699986666666663
2125001,-61.178165435791016,80.67532348632812,78.18509674072266,0.06666653333333333
2127501,-60.15430450439453,61.69426345825195,62.02818298339844,0.06633319999999998
2130001,-60.114871978759766,292.18157958984375,301.24761962890625,0.06599986666666663
2132501,-58.6995735168457,44.19876480102539,42.04121780395508,0.06566653333333333
2135001,-59.55333709716797,44.664161682128906,42.09219741821289,0.06533319999999998
2137501,-58.885379791259766,65.89972686767578,71.98623657226562,0.06499986666666668
2140001,-60.848426818847656,57.44597244262695,52.13402557373047,0.06466653333333333
2142501,-56.326080322265625,47.805442810058594,46.137752532958984,0.06433319999999998
2145001,-57.2301139831543,53.38218688964844,52.468353271484375,0.06399986666666668
2147501,-58.491939544677734,59.25152587890625,59.50847244262695,0.06366653333333333
2150001,-61.152889251708984,42.73549270629883,34.829071044921875,0.06333319999999998
2152501,-60.42501449584961,85.49528503417969,80.60604858398438,0.06299986666666663
2155001,-60.05091857910156,41.9285774230957,41.86734390258789,0.06266653333333333
2157501,-58.91448211669922,38.002960205078125,36.406272888183594,0.06233319999999998
2160001,-61.84645462036133,213.34194946289062,219.0966033935547,0.06199986666666668
2162501,-59.88495635986328,85.142333984375,90.94688415527344,0.06166653333333333
2165001,-60.84185028076172,65.20973205566406,69.44097900390625,0.06133319999999998
2167501,-57.70608901977539,43.48063659667969,53.99483871459961,0.06099986666666668
2170001,-61.15214920043945,84.75208282470703,79.86336517333984,0.06066653333333333
2172501,-59.88928985595703,47.517578125,46.22947692871094,0.060333199999999976
2175001,-58.04115295410156,59.93026351928711,68.46722412109375,0.059999866666666624
2177501,-60.362300872802734,48.46210861206055,51.53024673461914,0.05966653333333333
2180001,-59.9371223449707,75.34905242919922,64.65350341796875,0.059333199999999975
2182501,-64.60185241699219,34.68378448486328,35.341243743896484,0.05899986666666668
2185001,-60.70309066772461,57.61450958251953,63.9823112487793,0.058666533333333326
2187501,-62.81647491455078,45.737815856933594,51.856788635253906,0.058333199999999974
2190001,-60.74385070800781,193.92822265625,188.76222229003906,0.05799986666666668
2192501,-59.3704719543457,96.58795166015625,89.06753540039062,0.057666533333333325
2195001,-57.67521667480469,32.77443313598633,37.23155975341797,0.05733319999999997
2197501,-61.01814270019531,42.7514533996582,45.59231948852539,0.05699986666666662
2200001,-61.75182342529297,42.108306884765625,45.464080810546875,0.056666533333333324
2202501,-59.23006820678711,56.48724365234375,51.165496826171875,0.05633320000000003
2205001,-59.163936614990234,48.102699279785156,46.975921630859375,0.055999866666666676
2207501,-58.340187072753906,33.2530403137207,39.127418518066406,0.05566653333333332
2210001,-60.984825134277344,52.66615676879883,48.11286926269531,0.05533319999999997
2212501,-60.15834426879883,67.69779205322266,76.13339233398438,0.054999866666666675
2215001,-61.80683517456055,52.87137222290039,53.46997833251953,0.05466653333333332
2217501,-60.64760971069336,65.98564147949219,53.16621780395508,0.05433319999999997
2220001,-61.155033111572266,43.587425231933594,41.823341369628906,0.05399986666666662
2222501,-60.09100341796875,53.66244888305664,50.60573959350586,0.05366653333333332
2225001,-59.21485900878906,68.61930847167969,68.56675720214844,0.053333200000000025
2227501,-60.5231819152832,48.50151062011719,55.467681884765625,0.05299986666666667
2230001,-61.50175094604492,47.58350372314453,49.538482666015625,0.05266653333333332
2232501,-60.519203186035156,35.2480354309082,37.58271026611328,0.05233319999999997
2235001,-62.04756164550781,58.89422607421875,53.04084014892578,0.05199986666666667
2237501,-61.364952087402344,39.724830627441406,47.54176330566406,0.05166653333333332
2240001,-60.739749908447266,58.27399826049805,59.28617858886719,0.05133319999999997
2242501,-60.435508728027344,47.87960433959961,47.985836029052734,0.05099986666666667
2245001,-61.72269058227539,38.87058639526367,41.397769927978516,0.05066653333333332
2247501,-63.41879653930664,44.239898681640625,53.29133224487305,0.05033320000000002
2250001,-62.04441833496094,46.100242614746094,38.92424011230469,0.04999999999999999
2252501,-59.568790435791016,84.1341323852539,86.74285888671875,0.04999999999999999
2255001,-62.04448699951172,57.508567810058594,60.2495002746582,0.04999999999999999
2257501,-64.95042419433594,44.762657165527344,39.13665008544922,0.04999999999999999
2260001,-61.50629806518555,59.82089614868164,62.83626937866211,0.04999999999999999
2262501,-63.272525787353516,40.064395904541016,42.93427276611328,0.04999999999999999
2265001,-63.148658752441406,44.763763427734375,43.7801399230957,0.04999999999999999
2267501,-60.27495574951172,41.648460388183594,41.01060485839844,0.04999999999999999
2270001,-62.07160186767578,34.479225158691406,37.377811431884766,0.04999999999999999
2272501,-61.20798873901367,51.20272445678711,111.64238739013672,0.04999999999999999
2275001,-59.2525634765625,83.42647552490234,79.25110626220703,0.04999999999999999
2277501,-58.66114807128906,52.01173400878906,57.400108337402344,0.04999999999999999
2280001,-61.09404373168945,41.53263854980469,44.37828063964844,0.04999999999999999
2282501,-60.18083953857422,178.2383270263672,174.7761993408203,0.04999999999999999
2285001,-62.20000076293945,51.064064025878906,53.612220764160156,0.04999999999999999
2287501,-60.2698974609375,62.78287887573242,61.181365966796875,0.04999999999999999
2290001,-61.334468841552734,59.6856803894043,60.83676528930664,0.04999999999999999
2292501,-60.246070861816406,47.68096923828125,47.55828094482422,0.04999999999999999
2295001,-60.59009552001953,58.517005920410156,58.65793228149414,0.04999999999999999
2297501,-61.56221008300781,52.98096466064453,49.198760986328125,0.04999999999999999
2300001,-60.984535217285156,44.400020599365234,42.614017486572266,0.04999999999999999
2302501,-59.977783203125,60.43336486816406,59.51848602294922,0.04999999999999999
2305001,-60.487754821777344,82.78639221191406,74.54428100585938,0.04999999999999999
2307501,-59.59820556640625,52.72878646850586,49.238128662109375,0.04999999999999999
2310001,-58.31954574584961,94.70954895019531,90.23078155517578,0.04999999999999999
2312501,-60.51538848876953,49.0468635559082,47.51165771484375,0.04999999999999999
2315001,-59.73517990112305,125.0184326171875,108.27418518066406,0.04999999999999999
2317501,-62.794334411621094,42.11278533935547,43.48503112792969,0.04999999999999999
2320001,-60.26879119873047,43.95673370361328,45.77402114868164,0.04999999999999999
2322501,-60.494285583496094,50.37085723876953,50.742332458496094,0.04999999999999999
2325001,-61.387969970703125,41.104530334472656,42.062042236328125,0.04999999999999999
2327501,-62.16697692871094,51.90657043457031,53.265769958496094,0.04999999999999999
2330001,-57.54682922363281,68.0049819946289,67.0198745727539,0.04999999999999999
2332501,-59.99851608276367,75.63595581054688,71.62571716308594,0.04999999999999999
2335001,-57.80354690551758,48.282039642333984,47.96903991699219,0.04999999999999999
2337501,-61.573204040527344,58.42811584472656,65.55873107910156,0.04999999999999999
2340001,-60.48458480834961,96.51225280761719,90.60223388671875,0.04999999999999999
2342501,-60.76692199707031,50.59431076049805,46.79493713378906,0.04999999999999999
2345001,-57.38987350463867,70.25196075439453,79.66600799560547,0.04999999999999999
2347501,-59.55652618408203,69.98819732666016,71.6589584350586,0.04999999999999999
2350001,-60.37593460083008,54.7110595703125,61.64580535888672,0.04999999999999999
2352501,-61.42850875854492,46.64924240112305,41.02809524536133,0.04999999999999999
2355001,-61.29191970825195,74.5406494140625,68.25146484375,0.04999999999999999
2357501,-59.52406311035156,79.55181884765625,83.97108459472656,0.04999999999999999
2360001,-59.64221954345703,137.21163940429688,133.36026000976562,0.04999999999999999
2362501,-57.685943603515625,53.55778884887695,48.70073699951172,0.04999999999999999
2365001,-60.57606887817383,65.25645446777344,59.44190979003906,0.04999999999999999
2367501,-57.574798583984375,59.2601318359375,56.64482498168945,0.04999999999999999
2370001,-59.300010681152344,54.8006477355957,52.49264907836914,0.04999999999999999
2372501,-58.81577682495117,58.69081115722656,63.27916717529297,0.04999999999999999
2375001,-56.883419036865234,53.47578048706055,55.670005798339844,0.04999999999999999
2377501,-57.789459228515625,41.56390380859375,44.64030456542969,0.04999999999999999
2380001,-59.72132873535156,56.73931121826172,57.64606857299805,0.04999999999999999
2382501,-57.4090576171875,48.355857849121094,56.768455505371094,0.04999999999999999
2385001,-57.672340393066406,52.67516326904297,73.11870574951172,0.04999999999999999
2387501,-58.9022216796875,53.755096435546875,51.23915481567383,0.04999999999999999
2390001,-58.005252838134766,54.08700180053711,50.52194595336914,0.04999999999999999
2392501,-60.46223831176758,63.368377685546875,57.981834411621094,0.04999999999999999
2395001,-58.519065856933594,53.333580017089844,57.27239990234375,0.04999999999999999
2397501,-55.777957916259766,335.3703918457031,344.4039001464844,0.04999999999999999
2400001,-58.08528518676758,50.43122100830078,51.25891876220703,0.04999999999999999
2402501,-58.637596130371094,84.73370361328125,93.4744873046875,0.04999999999999999
2405001,-58.599632263183594,53.89240264892578,48.77400588989258,0.04999999999999999
2407501,-56.516929626464844,137.31158447265625,112.32215118408203,0.04999999999999999
2410001,-58.67971420288086,52.43354034423828,53.28015899658203,0.04999999999999999
2412501,-59.00397872924805,38.76788330078125,36.288978576660156,0.04999999999999999
2415001,-60.34573745727539,37.72962951660156,37.95249938964844,0.04999999999999999
2417501,-58.052459716796875,42.14625549316406,45.33467483520508,0.04999999999999999
2420001,-58.66865921020508,65.31128692626953,62.438018798828125,0.04999999999999999
2422501,-58.790863037109375,50.97372817993164,45.94675827026367,0.04999999999999999
2425001,-61.44887161254883,76.03338623046875,75.11709594726562,0.04999999999999999
2427501,-61.43798065185547,76.45602416992188,65.42532348632812,0.04999999999999999
2430001,-59.407257080078125,77.30911254882812,72.13160705566406,0.04999999999999999
2432501,-59.35261535644531,74.69117736816406,75.14627075195312,0.04999999999999999
2435001,-57.70372009277344,89.21501159667969,83.80229187011719,0.04999999999999999
2437501,-58.32992172241211,82.15908813476562,79.753662109375,0.04999999999999999
2440001,-61.065006256103516,60.063880920410156,61.72045135498047,0.04999999999999999
2442501,-58.348411560058594,54.80175018310547,52.056251525878906,0.04999999999999999
2445001,-61.6641731262207,57.907440185546875,56.429527282714844,0.04999999999999999
2447501,-60.53749084472656,68.27046203613281,68.90921020507812,0.04999999999999999
2450001,-61.30097579956055,34.973785400390625,35.82503890991211,0.04999999999999999
2452501,-62.01131057739258,131.5405731201172,128.03262329101562,0.04999999999999999
2455001,-58.34275436401367,49.98765563964844,46.19845199584961,0.04999999999999999
2457501,-59.1269416809082,34.15134048461914,36.15070343017578,0.04999999999999999
2460001,-58.33296203613281,42.69603729248047,35.372474670410156,0.04999999999999999
2462501,-59.3018913269043,63.508506774902344,57.325096130371094,0.04999999999999999
2465001,-60.53604507446289,54.74798583984375,52.66813659667969,0.04999999999999999
2467501,-58.0041618347168,49.562591552734375,50.527427673339844,0.04999999999999999
2472501,-59.19989013671875,133.81089782714844,186.6320343017578,0.04999999999999999
2475001,-61.150203704833984,49.441062927246094,52.742820739746094,0.04999999999999999
2477501,-59.82170486450195,71.05606079101562,79.81427764892578,0.04999999999999999
2480001,-60.404441833496094,61.47210693359375,67.23429870605469,0.04999999999999999
2482501,-58.06608200073242,51.757080078125,48.4544677734375,0.04999999999999999
2485001,-59.1140022277832,44.93510437011719,48.20735168457031,0.04999999999999999
2487501,-58.15420913696289,41.412776947021484,40.54425811767578,0.04999999999999999
2490001,-62.68411636352539,93.50590515136719,101.72726440429688,0.04999999999999999
2492501,-60.45600128173828,75.8387222290039,70.51321411132812,0.04999999999999999
2495001,-60.94851303100586,55.10171890258789,51.43239212036133,0.04999999999999999
2497501,-59.948795318603516,87.79486083984375,72.08113861083984,0.04999999999999999
2500001,-57.64431381225586,78.31407928466797,73.95848083496094,0.04999999999999999
