episode,reward,discounted_reward,steps,distance_traveled
0,-504.5706,-281.159,97,542.0133
1,-509.59177,-305.03836,78,39.854156
0,-203.87079,-174.78569,26,-28.623543
1,-203.10292,-174.43399,25,-50.00644
2,-200.88817,-158.83392,45,62.3777
3,-208.76532,-144.14671,49,145.48273
4,-210.94954,-176.6262,32,21.461876
5,-202.34468,-179.65399,20,-38.512356
6,-208.27675,-115.731575,106,469.63232
7,-213.53207,-150.70033,47,251.78833
8,-201.71722,-141.05873,51,29.661316
9,-204.70706,-151.0452,44,136.58965
10,-202.84694,-133.421,60,60.8636
11,-201.57933,-146.44713,45,37.7977
12,-204.1784,-170.87418,26,-57.26827
13,-202.84348,-153.36725,42,81.86803
14,-202.06078,-145.32465,43,93.277466
15,-207.1257,-165.44012,35,-7.3978043
16,-210.02142,-112.7848,71,305.66754
17,-206.55032,-177.04779,25,-54.22432
0,-204.99713,-124.27869,72,149.60458
1,-205.96982,-137.49226,58,86.70743
2,-200.05281,-124.72685,81,118.70822
3,-204.15906,-154.55603,38,11.788582
4,-210.38954,-140.70024,50,48.407898
5,-202.45859,-156.55951,38,43.884796
6,-212.9657,-172.64091,29,-24.317947
7,-203.01576,-159.939,35,24.166649
8,-205.5027,-127.86629,70,296.4068
9,-213.50664,-88.63392,122,633.607
10,-204.3175,-137.96713,80,1026.0112
11,-200.24118,-130.67738,69,209.86981
12,-200.29353,-128.2079,68,169.52313
13,-205.60068,-143.39447,63,133.69092
14,-201.51598,-109.49039,99,330.214
15,-211.78206,-108.12463,72,387.61404
16,-213.72441,-168.89456,37,89.37016
17,-202.82225,-123.9325,72,133.24138
18,-208.62642,-141.47862,50,114.252075
19,-203.65388,-134.65068,87,237.40576
20,-206.74509,-127.181,60,133.6887
21,-207.03058,-166.7647,32,33.76184
22,-202.07918,-173.07942,24,-64.02092
23,-207.56293,-124.90305,94,170.25372
24,-201.6127,-88.20761,113,312.5544
25,-205.03136,-104.83119,111,360.00333
26,-200.23412,-163.80783,29,4.542511
27,-202.72163,-143.53162,59,491.17706
28,-201.36024,-168.39822,27,-33.85044
29,-200.30719,-137.60014,65,133.13956
30,-206.12311,-124.19874,71,416.99615
31,-203.05327,-180.42363,22,-4.6820602
32,-216.56425,-177.07812,28,-47.795525
33,-200.55379,-160.75255,52,88.53778
34,-211.20372,-165.66643,35,-7.9300385
35,-209.84346,-146.65271,44,34.424942
36,-210.10664,-165.41698,35,39.84807
37,-215.03773,-145.45738,47,78.42622
38,-213.59625,-141.54254,50,166.28662
39,-202.95773,-138.94453,53,98.59837
40,-210.44447,-175.65518,28,6.0600357
41,-202.53775,-177.07333,23,-23.01056
42,-201.66423,-143.29088,46,169.36813
43,-201.63237,-156.11879,37,39.63855
44,-205.6944,-157.34837,36,36.068253
45,-200.12329,-135.9212,57,105.691086
46,-210.44481,-124.26975,75,393.65454
47,-208.91794,-174.93933,28,-30.78019
48,-204.55878,-186.12407,18,-53.446648
49,-200.05711,-157.16164,37,113.40126
50,-204.72614,-132.65085,72,266.34454
51,-200.14227,-109.60221,82,139.26018
52,-203.63345,-110.15839,81,380.6546
53,-200.18823,-146.4935,74,190.05396
54,-205.17012,-144.15308,44,94.51021
55,-209.48975,-104.49077,83,237.72241
56,-203.63698,-171.62318,27,-25.44806
57,-205.36742,-142.66034,56,64.735565
58,-201.85587,-144.99606,79,659.09674
59,-200.65143,-110.79201,92,196.4794
60,-205.99599,-131.18924,58,165.56671
61,-200.42271,-159.01494,35,60.738266
62,-208.50899,-156.75479,50,22.393913
63,-208.8812,-118.76567,63,242.13101
64,-200.44667,-93.72758,101,867.9972
65,-206.40884,-152.39003,51,81.28592
66,-201.6265,-99.05807,101,470.8178
67,-202.58794,-155.91193,40,47.813904
68,-207.24342,-178.64377,23,-51.403347
69,-205.37592,-161.50839,34,10.35482
70,-205.95325,-158.14215,52,158.45996
71,-210.1573,-174.6568,30,31.012344
72,-203.8131,-123.34908,68,222.12909
73,-202.77388,-134.19846,50,192.974
74,-211.31819,-175.5123,28,26.788368
75,-206.08914,-145.48158,59,233.17673
76,-208.09067,-176.67276,27,-33.31685
77,-200.68771,-98.80984,97,1005.9452
78,-201.53117,-109.988304,96,182.65472
79,-202.41725,-103.81819,111,425.7011
80,-201.93808,-100.35256,88,177.96573
81,-202.27191,-119.32135,68,168.68854
82,-209.37912,-168.32619,34,42.105087
83,-203.18105,-107.43035,69,333.46573
84,-201.02576,-129.413,91,435.8902
85,-200.68082,-170.61981,41,246.4054
86,-211.29153,-170.74898,31,0.34848785
87,-204.00587,-152.6186,39,103.03189
88,-209.4742,-124.918304,72,210.3869
89,-209.4765,-156.99478,42,20.009743
90,-210.82947,-128.06328,90,213.4338
91,-200.60907,-135.06099,60,206.20923
92,-203.48224,-172.86377,27,-33.40236
93,-211.94478,-167.06725,44,98.01433
94,-201.4791,-153.30246,50,97.07643
95,-213.21196,-176.22102,31,9.1490555
96,-201.22723,-174.48271,23,-20.244057
97,-204.45201,-167.9581,39,144.6425
98,-201.02719,-160.05693,45,77.711975
99,-203.57286,-163.48428,34,43.51216
100,-201.95598,-118.32005,87,258.99594
101,-202.2517,-158.16281,36,7.819046
102,-200.61818,-141.97704,44,37.328644
103,-209.79626,-178.06537,24,-73.1343
104,-207.51865,-172.58597,27,-18.225533
105,-200.56714,-119.866104,101,627.2514
106,-200.85745,-104.99442,112,434.56708
107,-202.28807,-159.92044,35,20.43425
108,-201.4859,-158.87518,33,29.336716
109,-207.12253,-156.88611,41,72.54445
110,-204.93544,-161.41083,31,15.181656
111,-200.53006,-140.06535,71,213.97556
112,-200.65237,-149.29112,47,167.7528
113,-200.96915,-144.35518,61,95.84183
114,-200.7214,-139.64825,50,104.03842
115,-203.36679,-130.72638,60,441.36115
116,-208.85693,-173.55841,30,20.076004
117,-206.23022,-174.73975,27,-25.508423
118,-208.20651,-155.64868,53,70.014084
119,-200.06905,-158.05159,35,65.94972
120,-207.18788,-136.70705,57,213.29086
121,-205.06866,-79.38293,97,645.03296
122,-204.55219,-151.36731,42,93.03313
123,-201.30708,-159.13553,34,58.857834
124,-208.96365,-143.64783,49,256.18152
125,-203.86855,-178.11026,23,-0.99544525
126,-203.61107,-166.76755,33,22.253212
127,-203.12872,-133.40414,81,247.25601
128,-207.68845,-154.51892,41,21.02517
129,-204.9257,-146.97101,50,35.230682
130,-201.80046,-156.86853,34,-5.7500916
131,-204.33849,-95.33436,100,134.06021
132,-207.86955,-139.31711,88,408.6297
133,-208.73157,-174.1924,30,5.158272
134,-210.68588,-127.950226,80,135.07602
135,-204.61111,-152.64474,54,276.31796
136,-211.7411,-151.7075,44,71.440994
137,-200.22334,-159.40736,39,179.21466
138,-202.83163,-121.44803,74,187.64108
139,-204.4533,-117.78022,80,896.9368
140,-204.7196,-172.66922,30,16.807785
141,-207.91127,-186.42696,22,-33.833435
142,-210.29396,-156.74928,48,24.85891
143,-204.49362,-154.54642,36,59.699585
144,-203.62897,-108.88218,123,517.97327
145,-215.79607,-94.170105,93,718.87445
146,-201.14464,-117.00637,68,175.14444
147,-208.95477,-161.9997,35,42.788345
148,-211.59743,-30.008167,142,1249.5217
149,-211.2983,-138.34615,52,203.21149
150,-212.1642,-154.63779,43,40.390854
151,-207.8092,-136.02315,58,268.1487
152,-200.90681,-154.85596,45,81.521805
153,-200.86159,-176.846,24,-16.960167
154,-201.293,-152.7914,51,42.634384
155,-206.61754,-173.69574,26,-79.98447
156,-211.73152,-116.417755,66,516.9839
157,-203.87334,-127.27355,65,30.907822
158,-202.85461,-105.28376,79,368.35297
159,-209.11174,-146.9437,48,101.86595
160,-210.63681,-178.69475,25,-41.395596
161,-202.30338,-173.10013,24,-53.407726
162,-205.63478,-128.8202,60,47.53572
163,-206.11642,-153.71243,39,10.056709
164,-200.99257,-83.820045,136,529.79407
165,-202.4615,-148.84839,104,381.16208
166,-209.94756,-172.84238,30,15.959549
167,-201.31085,-125.09124,75,120.83258
168,-205.64929,-165.86917,35,34.85817
169,-205.64374,-148.81161,42,138.78539
170,-200.61299,-126.48262,68,292.93646
171,-204.52876,-163.33508,45,37.579758
172,-203.0087,-150.6968,62,51.216507
173,-200.40225,-156.19002,36,51.964874
174,-217.34698,-108.53499,82,181.35031
175,-207.02307,-166.29889,30,-16.053398
176,-207.7962,-149.55986,43,46.036194
177,-206.76074,-175.22989,26,-17.751495
178,-200.94963,-114.27266,74,426.04883
179,-211.73137,-136.49225,52,192.811
180,-204.48859,-152.00406,69,409.4317
181,-201.97853,-69.27528,133,1170.9519
182,-204.15457,-68.3984,133,1178.1582
183,-205.37227,-94.508995,133,1189.0862
184,-211.83376,-104.46417,113,1108.1593
185,-201.4265,-120.78504,64,490.3128
186,-203.88467,-75.61775,116,1380.4299
187,-204.27237,-116.37734,59,415.07996
188,-206.81786,-114.922714,59,398.4516
189,-203.11732,-115.11864,61,482.25665
190,-207.77596,-72.90508,111,1414.5955
191,-212.7737,-59.1833,114,1255.2034
192,-207.48499,-114.2754,61,433.3379
193,-203.67435,-4.7426825,157,2028.3418
194,-208.9973,-48.614655,110,1242.1082
195,-206.29861,-96.74194,106,1368.0851
196,-201.22153,-119.26474,65,670.2711
197,-214.1719,-74.37969,107,1318.9618
198,-207.3917,-98.34592,152,2161.83
199,-207.67084,-97.145,107,1215.0365
200,-202.42773,-121.74656,60,517.0914
201,-205.66849,-118.28474,102,1317.5435
202,-207.37889,-110.56576,154,2310.0369
203,-201.40471,-123.82787,52,301.69772
204,-204.2964,-126.918976,53,332.8251
205,-203.05023,-123.296295,53,324.31097
206,-201.97229,-125.325935,61,465.98267
207,-209.88208,-120.005325,59,570.80365
208,751.44305,139.96428,500,3047.7256
209,-203.05896,-109.94354,64,440.39478
210,-210.53123,-36.805466,149,960.4769
211,-209.42203,-118.38584,61,440.27185
212,-207.84106,-108.818016,67,438.0039
213,-200.8956,-85.02444,134,970.39087
214,-204.1294,-105.722244,68,430.39917
215,-202.71385,-29.921589,148,962.76855
216,-204.27536,-28.37548,157,917.0778
217,-209.56435,-25.9094,161,889.68384
218,-201.09169,-22.81628,160,891.0754
219,-206.26018,-18.244005,161,887.06885
220,-202.51538,-19.618963,158,884.00714
221,-201.57098,-20.962715,157,884.38306
222,-205.4402,-22.307913,158,881.38135
223,-207.94786,-17.112598,160,876.5219
224,-203.92244,18.44513,244,1431.9052
225,-200.38702,24.044775,293,2041.4539
226,-201.08813,-21.837301,143,1040.5383
227,-210.93863,45.482048,345,2936.5996
228,-204.18573,23.59013,265,2351.9746
229,-201.99828,18.681585,200,1867.2554
230,-211.58528,12.342178,198,1820.5021
231,-202.21385,-27.204617,133,1218.3134
232,-206.69931,50.37753,324,3245.5344
233,-207.94875,-56.540916,127,1116.0116
234,-205.20662,93.71146,469,4309.744
235,-202.11954,-43.216564,131,1106.1437
236,-201.20615,67.3777,498,5317.1167
237,690.832,105.138954,500,4279.2847
238,652.83496,96.2183,500,4085.3364
239,-97.62328,-15.6315365,500,6002.6455
240,142.55592,7.527684,500,6380.6304
241,-200.63792,-61.962704,167,1922.3406
242,-201.21704,-38.37269,282,3440.4773
243,-202.3692,-81.34463,117,1091.2534
244,-201.3855,-72.84294,124,1123.4722
245,-204.8284,-74.39741,122,1192.425
246,-201.2034,-82.673,118,1095.8711
247,-204.0561,-98.67284,110,1085.8468
248,-202.01848,-68.601166,123,1226.099
249,-200.16173,-52.583485,371,5086.8184
250,134.47401,12.519261,500,7364.111
251,-201.4389,-49.144222,257,3444.4385
252,183.78253,1.7701584,500,7256.5967
253,-201.68289,51.046364,378,5231.9683
254,-204.45248,-60.42807,161,1970.8335
255,-202.22862,-68.598885,156,1897.2256
256,-202.49202,-77.47234,125,1166.6683
257,-200.65347,-66.41781,158,1847.1765
258,-200.30193,-63.097088,164,2001.8406
259,-200.7126,-54.360134,165,2037.3354
260,-202.88509,-49.05517,167,1980.012
261,-203.08084,-60.219353,159,1832.5038
262,-200.03624,-55.702087,160,1875.3088
263,-200.1497,-52.1573,168,1716.2559
264,-201.10246,-24.508245,236,2353.212
265,-204.10428,-31.40589,224,2376.97
266,375.2222,24.8328,500,5200.824
267,371.26956,29.853062,500,3729.6123
268,272.4265,34.53993,500,3977.57
269,284.18777,42.84923,500,3441.523
270,-203.99788,-71.986626,124,829.4509
271,-202.11435,11.2081375,364,1807.245
272,376.63956,28.502678,500,2513.7
273,322.92673,55.253735,500,3724.6453
274,168.81075,23.34687,500,3657.4038
275,-204.30164,7.749306,445,2980.374
276,-200.09665,-9.125522,292,1872.5598
277,-201.04665,-14.357417,283,1711.3363
278,-200.07053,-6.2097754,296,1718.1058
279,-1.2600019,1.2655922,500,3488.0627
280,29.645458,-5.9648857,500,2898.977
281,120.06749,6.901956,500,2908.0427
282,231.6664,8.106923,500,2379.002
283,259.9735,10.527106,500,2512.1099
284,312.6559,46.03969,500,2612.9695
285,403.57043,39.339962,500,2049.9365
286,282.1531,32.425133,500,2078.9663
287,354.35828,45.683678,500,1525.7542
288,402.45267,17.43589,500,1466.0096
289,397.28378,39.28556,500,1991.3186
290,451.58136,42.494843,500,2100.0251
291,650.2669,89.48582,500,2991.7178
292,683.58923,95.95675,500,2638.9797
293,778.931,119.84208,500,3580.219
294,819.48535,137.3463,500,4388.546
295,588.75574,90.2293,500,4756.4727
296,568.34393,118.793816,500,4634.424
297,577.6508,100.56822,500,5106.676
298,601.5147,106.83944,500,5670.616
299,661.21295,119.29877,500,5131.4233
300,590.8923,107.137695,500,4151.9004
301,590.75525,103.025894,500,4181.226
302,746.8181,106.92956,500,4135.928
303,832.27515,158.11719,500,4221.798
304,937.8981,171.18288,500,4578.829
305,946.3255,155.88922,500,5040.339
306,401.08676,192.16408,500,5280.45
307,-200.25108,147.53937,489,5566.004
308,-200.02982,15.777189,233,2805.074
309,190.45642,168.2998,500,5614.534
310,872.4631,203.73381,500,5587.5044
311,1094.8391,188.59863,500,5567.5034
312,203.36441,144.64612,500,6389.281
313,1024.1342,198.46194,500,5939.5703
314,1153.4755,200.44138,500,5964.3667
315,1114.1586,205.70053,500,5920.447
316,1120.5323,204.7977,500,6458.4785
317,1114.7805,201.54166,500,6246.516
318,1080.736,192.73343,500,6056.7026
319,1096.6864,202.73166,500,6352.6313
320,1079.2201,192.98737,500,6606.077
321,1064.315,188.68051,500,7283.4243
322,1101.0083,193.56294,500,7599.291
323,1089.3215,200.18114,500,8072.862
324,1068.9517,193.08524,500,7774.9946
325,977.3771,191.80313,500,7551.5317
326,1088.4083,191.86995,500,8361.434
327,1014.39923,194.86139,500,8344.54
328,1031.5701,208.71274,500,8686.666
329,894.55597,167.29926,500,8574.575
330,1027.8318,180.10367,500,8615.001
331,957.6267,172.95973,500,8611.569
332,932.5682,178.62097,500,8280.225
333,974.53314,188.55006,500,8462.185
334,849.2007,164.79565,500,8351.382
335,956.5018,178.86458,500,8633.94
336,918.06647,185.1109,500,8436.681
337,990.70715,180.3548,500,8256.461
338,1092.6396,184.94296,500,8328.535
339,966.94727,195.36371,500,8522.3
340,1050.1473,179.50606,500,8837.245
341,955.35913,185.53357,500,8763.36
342,936.2817,182.50803,500,8826.777
343,1034.9049,178.42186,500,8718.672
344,1029.0732,193.40448,500,9010.187
345,1090.0851,197.35979,500,8923.613
346,1061.1509,189.65836,500,9117.602
347,1107.3707,192.09094,500,8784.941
348,1073.6296,214.32635,500,9212.672
349,1046.2125,185.38737,500,9318.181
350,995.1919,206.10477,500,9215.267
351,1037.3109,190.32242,500,9304.648
352,1008.9988,190.72739,500,9338.454
353,925.6953,167.47208,500,9323.404
354,940.5644,173.21346,500,9454.331
355,946.7741,178.20456,500,9429.471
356,975.7311,177.85715,500,9438.337
357,990.35657,184.31322,500,9493.845
358,979.25507,183.43658,500,9444.706
359,1003.29297,184.14249,500,9474.524
360,1005.50397,186.47984,500,9462.251
361,934.58527,172.87721,500,9427.681
362,967.73285,182.82697,500,9463.086
363,979.78217,185.56711,500,9482.235
364,955.8917,179.74683,500,9387.5
365,961.24854,183.65599,500,9413.451
366,960.1802,175.05713,500,9493.273
367,921.57135,173.18161,500,9405.446
368,941.1645,174.8001,500,9411.234
369,951.09863,171.829,500,9431.665
370,939.4116,174.61186,500,9430.378
371,917.7946,168.15213,500,9394.071
372,977.2739,182.35387,500,9414.467
373,958.71924,183.86147,500,9499.934
374,913.4379,161.88805,500,9410.564
375,946.40094,182.0348,500,9461.969
376,967.24243,188.25691,500,9394.951
377,961.20325,174.51521,500,9463.059
378,943.51135,177.85933,500,9438.032
379,977.1032,194.46207,500,9500.946
380,978.6879,188.5293,500,9510.645
381,986.6587,190.54451,500,9463.473
382,1014.8147,192.49321,500,9486.858
383,972.1743,180.74115,500,9497.327
384,1015.80707,187.11708,500,9550.396
385,1003.0244,186.32918,500,9514.102
386,1008.59406,184.66376,500,9511.801
387,989.9412,183.30803,500,9524.402
388,992.62494,185.4284,500,9529.695
389,1013.83813,194.0742,500,9585.972
390,995.1351,178.65114,500,9529.683
391,1026.7201,201.00122,500,9546.296
392,984.4701,185.07253,500,9560.604
393,989.0857,183.79375,500,9574.18
394,1012.0715,195.90111,500,9433.41
395,996.9714,177.85468,500,9539.492
396,1022.602,193.5144,500,9544.528
397,1070.9178,208.44336,500,9441.145
398,1091.7887,214.87141,500,9579.914
399,991.55774,189.87823,500,9541.17
400,1117.944,211.76343,500,9517.137
401,1052.4019,188.8321,500,9536.245
402,1017.7142,181.45879,500,9528.811
403,1027.8997,198.46613,500,9596.789
404,1120.8331,217.92004,500,9555.044
405,1062.1853,199.8076,500,9577.215
406,1009.2023,186.16608,500,9521.779
407,1004.80896,186.01442,500,9481.499
408,1020.49786,187.0324,500,9555.656
409,1017.6832,184.20503,500,9538.236
410,1044.2036,195.68806,500,9631.185
411,1016.6708,179.581,500,9559.548
412,1099.7323,211.25899,500,9607.4
413,1056.0459,201.42401,500,9548.383
414,976.24524,183.72641,500,9526.816
415,995.10974,172.80063,500,9504.743
416,1041.3175,203.44142,500,9575.402
417,1052.6145,194.50436,500,9569.4795
418,1090.5145,199.6684,500,9596.822
419,1045.1819,187.7107,500,9581.862
420,1069.5945,187.322,500,9530.605
421,1064.955,199.1439,500,9594.623
422,1084.8812,210.53685,500,9486.627
423,1055.4521,187.0605,500,9577.43
424,1123.665,206.42111,500,9506.541
425,1062.8429,185.5129,500,9476.797
426,1096.2467,193.95145,500,9550.893
427,1045.4586,195.22359,500,9477.38
428,1017.6344,190.5083,500,9471.642
429,993.2691,184.19316,500,9345.379
430,1103.9214,209.33768,500,9546.96
431,1064.3632,181.66357,500,9502.898
432,1048.9413,200.3763,500,9541.162
433,1057.9705,200.9513,500,9504.052
434,1048.7013,189.44539,500,9516.71
435,1099.7399,193.21,500,9508.078
436,1023.3196,204.97658,500,9519.755
437,1141.4531,216.32695,500,9564.968
438,1063.3484,193.68242,500,9494.031
439,1099.4204,195.05043,500,9618.397
440,1147.0052,212.0139,500,9578.559
441,1049.1509,205.0981,500,9544.999
442,1109.6631,218.74478,500,9526.647
443,1072.4048,208.83728,500,9535.517
444,1059.0352,197.59088,500,9567.501
445,1050.434,199.87138,500,9545.205
446,1106.5079,187.03333,500,9568.208
447,1099.116,210.46411,500,9588.743
448,1121.6129,198.33545,500,9494.695
449,1100.971,216.2216,500,9530.459
450,1122.9644,216.96767,500,9539.922
451,1068.4854,200.78471,500,9566.954
452,1076.2429,202.26402,500,9554.423
453,1152.1001,193.90575,500,9597.822
454,1091.6998,208.32375,500,9550.409
455,1076.2917,196.97136,500,9532.507
456,1111.758,208.53299,500,9569.202
457,1052.8553,197.70082,500,9550.881
458,1122.3318,218.28717,500,9546.494
459,1193.2266,219.65027,500,9534.807
460,1068.0242,192.34064,500,9529.944
461,1193.2412,224.10612,500,9579.355
462,1114.9961,224.85173,500,9498.077
463,1088.6497,186.62894,500,9495.13
464,1209.7838,230.35753,500,9539.756
465,1150.2146,201.6052,500,9515.296
466,1099.3171,213.84076,500,9503.267
467,1080.0795,209.24712,500,9545.966
468,1097.8119,204.07162,500,9453.123
469,1146.3325,193.61777,500,9514.848
470,1177.599,224.28679,500,9560.884
471,1191.6051,210.02008,500,9529.0625
472,1084.264,196.8794,500,9455.548
473,1149.561,209.44049,500,9513.444
474,1070.7236,207.21448,500,9487.015
475,1170.4076,222.79987,500,9505.637
476,1145.1747,223.10724,500,9493.361
477,1112.8661,198.02205,500,9515.76
478,1062.0819,189.61496,500,9413.465
479,1146.1649,209.9285,500,9499.695
480,1065.0823,202.36775,500,9418.865
481,387.9641,191.37628,500,8238.454
482,1111.5686,200.47316,500,9478.631
483,1101.927,206.88834,500,9453.122
484,1055.3478,207.22285,500,9451.019
485,643.01416,194.49019,500,9222.008
486,1192.8071,222.86649,500,9471.669
487,861.18567,208.39958,500,9302.265
488,1083.1151,197.79381,500,9389.849
489,1024.7501,203.24016,500,9392.6045
490,1170.2319,228.56017,500,9461.247
491,1100.1738,210.21165,500,9392.523
492,1270.5615,238.79292,500,9516.724
493,1114.9923,196.31113,500,9401.276
494,699.45593,202.88727,500,9007.548
495,997.954,206.53181,500,9322.569
496,1126.8864,214.49619,500,9411.999
497,1141.426,230.72115,500,9441.018
498,1157.1189,210.46425,500,9475.984
499,1168.1952,211.7083,500,9419.248
500,1046.0819,188.23251,500,9395.458
501,1221.2898,205.43251,500,9460.474
502,1229.2996,206.65622,500,9457.044
503,1120.9569,191.82184,500,9460.673
504,1213.7675,228.51959,500,9465.817
505,1129.9786,209.39256,500,9442.854
506,1161.6156,213.63907,500,9345.71
507,1223.9785,209.28236,500,9287.066
508,1139.1224,220.79036,500,9446.389
509,1104.6077,207.47621,500,9342.704
510,1212.4772,221.6742,500,9387.791
511,1212.1179,215.68683,500,9442.259
512,1168.0822,211.9173,500,9370.225
513,1306.007,243.07831,500,9442.672
514,1375.2699,256.25858,500,9478.589
515,1164.2052,214.1574,500,9476.148
516,1195.8922,227.5403,500,9487.11
517,1239.9585,222.54352,500,9551.001
518,1228.3752,232.12743,500,9504.321
519,1191.1201,234.14262,500,9498.201
520,1167.4792,215.18289,500,9440.545
521,1187.9126,203.60417,500,9452.904
522,1182.435,211.52054,500,9452.523
523,1272.6566,224.76024,500,9518.268
524,1205.9188,222.30925,500,9496.286
525,1133.6874,204.13907,500,9484.579
526,1132.473,196.84042,500,9436.93
527,1267.2496,250.294,500,9439.805
528,1209.148,218.62639,500,9510.7705
529,1163.5704,217.95235,500,9473.388
530,1226.3934,224.57693,500,9472.476
531,1107.5519,204.25739,500,9449.115
532,1180.6841,222.48508,500,9516.258
533,1221.1852,232.57152,500,9526.538
534,1180.9271,222.72842,500,9448.587
535,1190.3796,215.5975,500,9476.031
536,1189.257,239.42458,500,9498.748
537,1126.8956,208.85156,500,9491.909
538,1145.1803,218.64087,500,9490.846
539,1146.9033,229.45746,500,9461.942
540,1275.3665,251.0096,500,9520.721
541,970.38617,199.7916,500,9129.765
542,1113.8356,216.64336,500,9448.239
543,1183.1543,223.11595,500,9297.799
544,1266.1002,243.18622,500,9433.187
545,1172.2379,218.77135,500,9375.097
546,1217.2451,242.47044,500,9408.477
547,1283.7354,232.00592,500,9580.371
548,1250.7126,245.1622,500,9496.79
549,1209.9164,200.08215,500,9436.804
550,1311.3556,241.13199,500,9431.578
551,1157.8838,203.19495,500,9404.459
552,1240.81,214.71005,500,9392.501
553,1276.8676,216.65862,500,9525.998
554,1405.0312,251.92476,500,9541.203
555,1231.3372,210.93535,500,9420.34
556,1283.9026,233.66098,500,9435.617
557,1183.8293,210.64406,500,9463.101
558,1284.2135,225.57169,500,9527.253
559,1112.2856,189.90887,500,9162.354
560,1294.245,239.75531,500,9474.344
561,1390.6211,263.87546,500,9547.527
562,1252.9138,235.13158,500,9484.476
563,1295.0796,236.30457,500,9532.501
564,1368.4479,253.6496,500,9520.222
565,1339.552,246.0563,500,9566.505
566,1435.7982,257.12186,500,9622.787
567,1290.0116,236.92816,500,9477.905
568,1208.6271,240.1588,500,9317.778
569,1289.3455,244.93233,500,9503.954
570,1306.3114,247.1461,500,9457.021
571,1246.8833,221.1469,500,9215.027
572,1350.5863,247.05005,500,9426.478
573,1345.13,241.28995,500,9502.722
574,1405.6683,273.642,500,9578.474
575,1337.346,249.43138,500,9401.162
576,1418.4387,235.00415,500,9538.271
577,1292.1036,224.49861,500,9312.887
578,1334.8165,239.99092,500,9377.828
579,1321.5127,231.83005,500,9428.747
580,1326.6304,252.41269,500,9330.651
581,1356.3611,242.27191,500,9502.692
582,1376.4873,249.41304,500,9488.617
583,1333.8053,252.73065,500,9520.698
584,1387.0808,241.75217,500,9523.745
585,1305.8176,248.17313,500,9519.445
586,1292.3534,236.54979,500,9519.654
587,1431.6213,260.31772,500,9566.741
588,1332.736,226.21156,500,9468.6455
589,1434.517,268.31668,500,9626.36
590,1469.9236,268.17624,500,9599.73
591,1349.4946,244.00531,500,9491.734
592,1376.3788,254.88844,500,9508.798
593,1340.0438,243.64928,500,9504.209
594,1339.683,249.6169,500,9562.077
595,1365.5515,250.25763,500,9534.163
596,1295.7375,238.86444,500,9465.319
597,1331.3047,237.3987,500,9421.637
598,1361.5747,240.49942,500,9558.76
599,1363.2583,239.7068,500,9572.0205
600,1445.0713,255.55052,500,9585.802
601,1345.0144,235.87163,500,9445.545
602,1418.9792,257.37585,500,9554.241
603,1374.9645,250.54869,500,9465.445
604,1399.2203,260.3541,500,9529.547
605,1392.197,265.69467,500,9451.819
606,1417.64,254.60371,500,9472.117
607,1440.0812,263.35706,500,9531.769
608,1421.2295,250.97237,500,9422.216
609,1281.4404,241.51611,500,9253.868
610,1410.7362,256.72153,500,9421.467
611,1353.6111,252.66907,500,9267.115
612,1429.6589,264.98578,500,9444.963
613,1388.463,255.89893,500,9303.569
614,1384.3668,260.56375,500,9407.904
615,1414.0232,257.41068,500,9459.668
616,1408.6772,255.63632,500,9385.992
617,1188.4512,220.08543,500,9121.411
618,1384.9707,264.72974,500,9250.988
619,1390.8068,251.20367,500,9378.818
620,1392.4113,257.17325,500,9371.527
621,1266.7443,228.28503,500,9266.725
622,1387.1781,258.58508,500,9351.328
623,1397.9169,265.87256,500,9450.685
624,1356.1311,247.44016,500,9277.428
625,1363.8856,257.08807,500,9343.145
626,1351.5342,256.9546,500,9217.695
627,1324.4733,223.5461,500,9264.762
628,1391.3623,252.69646,500,9343.298
629,1362.0262,241.75023,500,9279.588
630,1391.778,261.5903,500,9321.591
631,1376.0219,236.70422,500,9291.219
632,1387.4905,264.11166,500,9418.062
633,1244.0253,236.91542,500,9340.593
634,1402.2897,252.43568,500,9387.8
635,1418.4065,265.13998,500,9478.078
636,1400.8811,245.31458,500,9373.276
637,1441.202,271.66516,500,9415.586
638,1306.7444,226.28194,500,9287.225
639,1360.0071,250.80939,500,9438.973
640,1308.6035,258.36377,500,9228.146
641,1381.3937,246.00029,500,9352.189
642,1276.8619,234.8742,500,9301.8955
643,1268.8094,236.74918,500,9229.224
644,1462.5067,261.91232,500,9541.352
645,1250.2395,243.40518,500,9313.465
646,1124.4885,166.20491,500,9087.248
647,1339.1316,250.85919,500,9400.049
648,1327.2944,242.70053,500,9332.115
649,1416.1503,265.26547,500,9368.321
650,1304.6057,243.08356,500,9440.042
651,1217.1694,240.72403,500,9191.383
652,1295.3846,258.48013,500,9204.224
653,1292.3707,236.85437,500,9453.7295
654,1295.2665,204.58862,500,9358.121
655,1275.6584,219.89455,500,9293.048
656,1307.377,235.19838,500,9261.284
657,1363.8417,255.57045,500,9195.553
658,1392.3616,240.94788,500,9333.338
659,1426.7421,260.8704,500,9393.952
660,1377.4465,259.51056,500,9394.873
661,1385.2948,263.3158,500,9512.168
662,1432.1567,251.5327,500,9509.367
663,1343.8744,231.193,500,9389.982
664,1366.8772,232.87308,500,9241.421
665,1270.6288,257.49692,500,9213.1045
666,1472.3577,263.60938,500,9564.551
667,1447.6793,261.10815,500,9410.879
668,1220.904,257.97614,500,9350.538
669,1358.92,249.85689,500,9322.762
670,1294.877,209.17781,500,9286.177
671,1373.5084,243.74686,500,9330.908
672,1371.5676,254.70139,500,9402.501
673,1384.4722,264.5088,500,9251.107
674,1299.5875,257.6134,500,9364.908
675,1495.9886,275.6563,500,9603.46
676,1473.3748,266.14886,500,9548.2705
677,1006.67773,196.11388,500,9239.662
678,1350.2579,246.60277,500,9387.833
679,1413.5347,269.7347,500,9446.187
680,1201.6923,245.51985,500,9201.136
681,1349.2882,246.32388,500,9268.847
682,1400.3821,254.01556,500,9288.926
683,1142.735,197.76474,500,9168.769
684,1358.8383,250.91719,500,9202.837
685,1310.3369,254.90767,500,9309.541
686,1157.7274,223.37836,500,9091.891
687,1386.2642,248.23175,500,9248.943
688,1298.7786,240.77301,500,9219.593
689,1142.8202,219.94685,500,9104.135
690,1423.6613,250.5589,500,9278.779
691,1280.5449,244.78992,500,9179.389
692,1291.9261,213.04549,500,9215.353
693,1238.2465,237.32626,500,9054.987
694,1149.9048,205.67657,500,8900.364
695,1063.3535,138.63155,500,8989.217
696,925.29755,180.2847,500,8736.464
697,1301.3457,233.58626,500,9168.97
698,1126.8746,192.31119,500,9185.1875
699,1283.933,249.4878,500,9323.058
700,1347.9144,241.68341,500,9137.733
701,1419.8624,271.00375,500,9457.246
702,1378.1046,256.36597,500,9332.251
703,1294.6151,246.30519,500,9202.2295
704,1228.8057,233.40543,500,9061.226
705,1118.5244,208.31752,500,9128.148
706,1458.1948,262.01,500,9423.681
707,1370.771,265.3976,500,9352.397
708,1312.7432,236.31076,500,9197.548
709,1387.1102,255.50731,500,9322.957
710,1415.3844,243.81198,500,9460.681
711,1419.376,253.36113,500,9396.938
712,1159.8942,208.18294,500,9301.893
713,1310.0596,253.98119,500,9338.289
714,1429.3467,252.05885,500,9357.538
715,1433.4104,256.65176,500,9349.606
716,1272.9241,206.47424,500,9291.018
717,1473.8087,275.5053,500,9533.922
718,1310.6765,261.05722,500,9377.691
719,1287.7134,230.75377,500,9325.937
720,1226.7043,158.57013,500,9281.788
721,1387.4894,235.38504,500,9443.725
722,1325.6166,222.40051,500,9333.015
723,1276.0173,239.13477,500,9394.465
724,1297.6176,212.48381,500,9250.385
725,1446.6931,256.0595,500,9320.226
726,1419.8823,255.05026,500,9382.506
727,1369.9769,253.17351,500,9370.229
728,1409.8284,253.74168,500,9384.983
729,1476.7299,261.2351,500,9500.439
730,1441.6968,271.69724,500,9370.748
731,1446.5112,260.6348,500,9415.845
732,1424.571,255.65462,500,9409.384
733,1481.4161,263.43652,500,9508.514
734,1470.3752,254.6018,500,9462.379
735,1440.8195,257.68512,500,9419.107
736,1325.6294,253.76508,500,9316.24
737,1321.3545,201.6822,500,9278.849
738,1464.5184,258.807,500,9424.887
739,1380.8584,261.766,500,9304.689
740,1458.0063,263.3029,500,9428.483
741,1445.459,258.16232,500,9315.793
742,1402.2865,248.62784,500,9178.227
743,1429.9926,243.59453,500,9296.427
744,1361.087,260.84906,500,9414.319
745,1445.1296,261.92416,500,9484.489
746,1470.3688,272.1336,500,9413.122
747,1399.9308,258.1089,500,9369.102
748,1460.2223,269.04672,500,9433.4795
749,1489.2579,271.57574,500,9546.219
750,1458.8871,273.43274,500,9435.219
751,1418.8394,254.87534,500,9482.076
752,1488.0057,268.66638,500,9430.591
753,1462.8859,266.5267,500,9434.788
754,1422.7139,260.352,500,9281.116
755,1447.2754,266.75256,500,9463.314
756,1457.5942,259.7689,500,9396.524
757,1406.8102,214.12111,500,9498.368
758,1475.6202,266.33276,500,9432.0
759,1484.6635,272.50235,500,9460.535
760,1423.9014,280.6984,500,9502.67
761,1475.13,267.8526,500,9552.693
762,1435.2552,263.08725,500,9347.952
763,1461.7301,260.41238,500,9458.431
764,1488.4636,263.3927,500,9504.573
765,1347.0774,247.36632,500,9363.131
766,1452.679,251.4383,500,9320.99
767,1466.015,258.13388,500,9403.484
768,1473.6846,258.25766,500,9448.432
769,1460.9242,270.65088,500,9327.91
770,1441.1984,246.42686,500,9293.696
771,1370.6346,259.63358,500,9450.167
772,1481.8881,269.81717,500,9522.159
773,1457.0392,266.53387,500,9281.378
774,1436.5142,264.9262,500,9491.764
775,1467.9202,263.89087,500,9439.226
776,1517.7295,279.6098,500,9541.395
777,1500.0171,271.88873,500,9533.3545
778,1379.4977,261.79413,500,9425.544
779,1492.2548,274.6449,500,9432.431
780,1426.3092,271.6347,500,9407.614
781,1469.4182,272.71674,500,9527.663
782,1528.7698,282.72794,500,9563.749
783,1487.8822,269.42752,500,9489.126
784,1459.6482,251.19499,500,9425.304
785,1477.2816,262.59,500,9466.2295
786,1483.4247,269.93176,500,9420.88
787,1510.1895,276.60498,500,9501.335
788,1470.0823,269.89407,500,9387.973
789,1482.6025,268.61093,500,9537.971
790,1416.43,235.14062,500,9451.9
791,1516.2368,279.27698,500,9540.619
792,1524.7255,283.63153,500,9590.441
793,1538.1504,283.22638,500,9586.08
794,1528.1434,278.26758,500,9638.04
795,1505.4403,274.85995,500,9570.221
796,1471.2273,269.69064,500,9410.029
797,1495.3461,278.16962,500,9480.717
798,1472.104,262.6241,500,9368.037
799,1538.7788,282.17203,500,9549.512
800,1502.0852,268.97766,500,9492.543
801,1530.9116,279.47922,500,9502.81
802,1495.3531,277.34482,500,9431.3955
803,1529.6487,273.05972,500,9573.331
804,1480.1438,267.77106,500,9513.542
805,1519.4641,278.56653,500,9577.738
806,1519.1888,285.1569,500,9546.556
807,1482.1526,276.39948,500,9400.704
808,1430.904,263.58908,500,9224.18
809,1521.9655,264.53876,500,9560.372
810,1510.4183,274.34125,500,9551.87
811,1521.9177,287.09952,500,9563.3955
812,1495.0507,281.7637,500,9394.344
813,1450.1268,272.7915,500,9534.996
814,1488.3799,271.8352,500,9557.3125
815,1526.8679,277.61914,500,9495.369
816,1428.2578,244.78922,500,9371.214
817,1506.0876,281.96283,500,9452.569
818,1512.5283,276.4097,500,9508.56
819,1498.3821,279.5379,500,9325.689
820,1511.0659,275.02786,500,9571.179
821,1504.5844,270.51022,500,9456.957
822,1469.7992,265.3143,500,9398.556
823,1495.1385,274.80432,500,9488.965
824,1474.4292,258.08447,500,9495.359
825,1529.1069,282.16907,500,9479.113
826,1501.9532,277.07492,500,9485.948
827,1505.2583,274.76205,500,9533.803
828,1545.0444,289.23065,500,9565.109
829,1475.3584,270.7598,500,9376.821
830,1527.3993,278.1376,500,9531.706
831,1501.9637,278.79416,500,9468.478
832,1549.701,283.74518,500,9610.835
833,1530.2982,272.7725,500,9586.41
834,1560.1556,286.71698,500,9639.35
835,1547.6326,277.65622,500,9616.961
836,1557.2144,288.6506,500,9581.083
837,1534.1974,285.69675,500,9543.239
838,1421.0835,269.158,500,9458.666
839,1558.7772,275.8939,500,9602.595
840,1536.4938,285.07877,500,9593.072
841,1576.0112,290.1085,500,9653.994
842,1548.8174,290.46878,500,9544.945
843,1533.326,281.95636,500,9549.5
844,1542.9528,284.67078,500,9572.708
845,1513.4952,269.67618,500,9481.921
846,1544.4258,280.48834,500,9573.584
847,1540.015,282.60275,500,9546.457
848,1529.096,281.3144,500,9573.587
849,1536.7834,287.58368,500,9590.695
850,1556.8551,286.90485,500,9606.348
851,1537.803,283.30347,500,9575.67
852,1527.844,282.864,500,9612.517
853,1550.3591,284.7087,500,9591.705
854,1562.7921,289.90805,500,9591.827
855,1542.5889,286.0491,500,9550.509
856,1548.6526,287.19333,500,9582.386
857,1546.8772,289.887,500,9587.942
858,1549.7975,282.7527,500,9560.781
859,1524.2767,282.61182,500,9549.203
860,1552.904,281.49982,500,9574.042
861,1545.7661,284.72797,500,9589.265
862,1516.9788,284.21234,500,9534.732
863,1555.2384,288.43216,500,9524.66
864,1574.436,292.4787,500,9565.21
865,1575.3901,289.64285,500,9618.901
866,1555.6873,289.94247,500,9625.289
867,1561.4902,289.04865,500,9648.189
868,1559.4741,292.27353,500,9607.818
869,1564.0183,285.53607,500,9598.496
870,1533.8192,286.6139,500,9562.292
871,1545.778,285.5941,500,9587.776
872,1574.232,283.1962,500,9631.826
873,1558.8258,289.50812,500,9618.419
874,1583.8889,288.54672,500,9661.576
875,1573.8352,286.98734,500,9658.266
876,1573.0403,287.3492,500,9646.311
877,1555.5648,285.9423,500,9605.547
878,1575.5209,291.53632,500,9605.199
879,1575.2483,292.46173,500,9631.473
880,1573.9973,289.31134,500,9624.969
881,1585.7128,292.2193,500,9667.125
882,1565.2736,292.95993,500,9604.154
883,1577.2122,287.45853,500,9639.384
884,1585.053,290.95578,500,9635.538
885,1590.1083,296.4567,500,9604.72
886,1542.2687,282.2701,500,9585.585
887,1578.9764,298.39096,500,9653.998
888,1567.3622,291.54913,500,9573.899
889,1571.2603,290.27887,500,9572.667
890,1547.6589,287.45117,500,9579.107
891,1551.6671,285.78668,500,9591.662
892,1558.4542,286.12625,500,9614.877
893,1550.7385,287.61243,500,9592.121
894,1576.0916,291.36554,500,9646.25
895,1557.3219,285.8133,500,9596.424
896,1559.1952,291.88586,500,9601.954
897,1579.2472,294.88104,500,9656.696
898,1559.4823,290.17676,500,9637.182
899,1560.0826,287.48718,500,9560.834
900,1563.153,290.52927,500,9606.414
901,1578.2502,289.71616,500,9623.546
902,1567.0945,289.26013,500,9624.455
903,1544.9166,284.19238,500,9598.951
904,1567.6473,293.43677,500,9618.974
905,1570.7356,291.33673,500,9611.779
906,1564.3497,285.37646,500,9629.72
907,1566.8546,284.46115,500,9625.801
908,1561.0767,286.10846,500,9597.741
909,1568.8893,288.77087,500,9656.191
910,1577.9963,294.62646,500,9666.936
911,1589.0195,294.60773,500,9640.2
912,1593.0459,291.95724,500,9665.462
913,1594.1512,295.84976,500,9669.363
914,1571.6486,287.87006,500,9624.623
915,1564.7737,282.556,500,9617.527
916,1570.74,292.3508,500,9642.407
917,1567.5455,289.8185,500,9632.963
918,1565.6566,287.6281,500,9682.483
919,1567.7091,290.82443,500,9618.018
920,1565.6097,290.04028,500,9616.253
921,1546.2651,281.91983,500,9587.656
922,1557.2416,286.9791,500,9633.82
923,1569.1865,292.15283,500,9635.443
924,1561.3593,290.11026,500,9626.133
925,1558.0005,291.60754,500,9530.286
926,1568.364,288.81287,500,9648.6455
927,1560.8191,291.4714,500,9652.143
928,1573.0138,291.45218,500,9669.504
929,1584.4222,293.6402,500,9708.145
930,1567.9567,291.5943,500,9643.844
931,1552.0054,288.14236,500,9629.756
932,1546.516,288.5015,500,9661.756
933,1576.4745,291.31763,500,9695.622
934,1533.8676,283.5888,500,9614.873
935,1558.848,289.6563,500,9662.338
936,1536.7822,281.86548,500,9602.991
937,1575.908,292.1949,500,9658.641
938,1593.9872,295.59238,500,9664.738
939,1567.6459,294.80795,500,9673.172
940,1554.5524,289.00122,500,9650.803
941,1573.3798,287.5808,500,9653.371
942,1562.9957,289.62952,500,9622.689
943,1560.3384,290.98428,500,9671.531
944,1575.5934,290.9912,500,9706.112
945,1582.9208,293.15414,500,9674.212
946,1578.467,293.12256,500,9677.644
947,1586.8771,292.0883,500,9692.04
948,1535.7604,295.951,500,9629.984
949,1605.3574,297.0533,500,9683.566
950,1580.5413,294.73947,500,9670.411
951,1552.7765,287.05737,500,9657.766
952,1569.8,292.24152,500,9653.005
953,1569.5208,295.47943,500,9661.266
954,1538.4824,282.91492,500,9572.676
955,1560.0105,287.1187,500,9660.446
956,1545.004,288.38574,500,9580.037
957,1559.9105,291.57965,500,9632.6875
958,1563.5342,290.24362,500,9621.247
959,1557.376,293.2718,500,9615.396
960,1541.0123,290.91214,500,9601.924
961,1506.5002,279.20428,500,9566.019
962,1547.7452,287.4343,500,9595.548
963,1546.0345,289.07944,500,9598.188
964,1578.9227,291.1614,500,9659.746
965,1557.7274,288.7117,500,9689.371
966,1548.0712,288.7743,500,9600.71
967,1538.742,286.06363,500,9560.495
968,1549.201,279.6224,500,9644.724
969,1552.0638,288.54337,500,9629.467
970,1534.889,282.96423,500,9600.566
971,1532.3887,286.704,500,9554.905
972,1563.2065,291.37372,500,9681.1045
973,1571.1848,293.2459,500,9655.331
974,1559.613,291.87906,500,9695.885
975,1552.1418,291.53195,500,9657.795
976,1536.8037,287.44907,500,9649.441
977,1557.3351,283.04083,500,9609.931
978,1557.7356,288.01987,500,9673.557
979,1577.8549,292.27502,500,9688.911
980,1564.1383,294.9969,500,9688.028
981,1563.9835,293.4857,500,9649.845
982,1578.7218,290.8627,500,9709.003
983,1580.2317,294.44812,500,9718.126
984,1568.7399,292.34656,500,9710.411
985,1585.3339,297.9877,500,9734.612
986,1550.7723,291.8679,500,9672.359
987,1550.4749,288.66223,500,9667.478
988,1583.3313,297.43076,500,9757.348
989,1565.0674,292.0555,500,9725.052
990,1558.288,294.15515,500,9719.247
991,1555.7914,294.41846,500,9717.651
992,1570.4723,287.05988,500,9742.575
993,1577.9492,294.85428,500,9672.803
994,1569.5067,290.5685,500,9707.92
995,1584.7709,298.86923,500,9756.721
996,1592.1495,298.979,500,9742.144
997,1562.4564,295.62704,500,9706.729
998,1544.8612,289.86618,500,9690.511
999,1559.0319,293.21356,500,9698.669
1000,1563.9026,298.79932,500,9707.8955
1001,1547.1581,294.45193,500,9677.917
1002,1562.6492,293.73175,500,9735.185
1003,1541.1227,292.91455,500,9680.448
1004,1577.248,294.90057,500,9697.185
1005,1608.0232,300.18964,500,9740.229
1006,1539.0674,279.2701,500,9657.8
1007,1567.2533,300.70816,500,9745.248
1008,1573.067,295.4781,500,9738.383
1009,1546.5332,289.108,500,9684.817
1010,1557.3687,291.22034,500,9683.991
1011,1550.5197,293.7685,500,9688.031
1012,1587.5929,289.41336,500,9744.522
1013,1586.4537,299.7974,500,9744.11
1014,1558.64,284.70517,500,9672.232
1015,1586.7688,299.24316,500,9717.484
1016,1568.1364,294.55612,500,9701.499
1017,1598.869,296.9891,500,9756.088
1018,1584.1455,295.03946,500,9718.544
1019,1590.4719,298.7585,500,9754.72
1020,1523.0222,280.79114,500,9601.46
1021,1494.73,261.6319,500,9687.819
1022,1543.9175,280.6138,500,9737.603
1023,1587.9445,291.47195,500,9747.096
1024,1577.4447,292.76758,500,9742.998
1025,1566.5658,293.60028,500,9726.978
1026,1597.7943,296.6423,500,9765.923
1027,1563.106,297.2414,500,9716.066
1028,1574.2605,294.28552,500,9732.216
1029,1549.0553,281.1003,500,9716.063
1030,1547.6854,268.81705,500,9726.855
1031,1583.7812,289.1072,500,9737.688
1032,1597.008,299.28992,500,9738.479
1033,1582.786,295.1123,500,9713.453
1034,1547.5697,280.49454,500,9652.9
1035,1601.803,301.81787,500,9725.923
1036,1510.4292,281.89352,500,9638.029
1037,1478.8196,285.7053,500,9570.227
1038,1567.2333,285.18896,500,9686.023
1039,1591.965,298.41907,500,9724.6455
1040,1569.7454,294.23383,500,9722.454
1041,1601.4895,301.87265,500,9744.894
1042,1561.5896,292.30078,500,9730.895
1043,1530.9879,294.47388,500,9650.828
1044,1532.1274,284.72537,500,9648.012
1045,1578.3013,298.6048,500,9630.712
1046,1595.0732,302.64868,500,9724.754
1047,1594.2787,296.34796,500,9711.051
1048,1563.7205,294.79083,500,9677.419
1049,1578.1907,293.88086,500,9707.669
1050,1560.4329,295.76706,500,9679.325
1051,1581.97,301.13852,500,9704.702
1052,1596.53,297.81934,500,9755.307
1053,1569.0857,292.05954,500,9710.853
1054,1586.0586,295.40564,500,9695.581
1055,1585.9901,294.57614,500,9723.138
1056,1560.2891,293.49216,500,9699.806
1057,1565.2375,294.344,500,9724.837
1058,1521.9418,295.40323,500,9635.451
1059,1573.7255,297.88864,500,9673.205
1060,1545.8657,294.8236,500,9666.953
1061,1583.0723,298.8323,500,9722.14
1062,1558.0219,291.07965,500,9704.412
1063,1572.4601,299.96985,500,9742.937
1064,1588.553,293.8954,500,9755.524
1065,1541.5171,280.9324,500,9700.084
1066,1546.3715,289.66095,500,9642.994
1067,1543.1099,281.28397,500,9695.448
1068,1537.0964,286.3431,500,9694.421
1069,1512.536,290.3429,500,9676.513
1070,1544.459,277.4473,500,9694.586
1071,1592.717,297.93225,500,9692.174
1072,1582.753,299.6472,500,9689.023
1073,1557.4207,295.78375,500,9672.428
1074,1531.4642,293.34015,500,9673.471
1075,1574.3401,291.91684,500,9727.698
1076,1574.4636,297.16513,500,9710.306
1077,1598.3878,296.6933,500,9733.876
1078,1589.135,297.96008,500,9726.343
1079,1572.9315,294.98218,500,9717.017
1080,1598.8662,301.9758,500,9706.98
1081,1608.1365,302.24695,500,9751.365
1082,1592.3323,301.89944,500,9766.073
1083,1569.3123,296.48376,500,9746.183
1084,1584.9102,296.23056,500,9742.289
1085,1559.7876,294.04037,500,9702.872
1086,1583.2893,303.57425,500,9726.549
1087,1580.4124,294.13095,500,9733.12
1088,1575.0392,296.9128,500,9745.061
1089,1572.9543,297.11887,500,9714.539
1090,1549.7837,276.76227,500,9675.814
1091,1552.0415,295.1321,500,9685.41
1092,1581.6243,292.91318,500,9736.172
1093,1602.2157,300.17038,500,9762.154
1094,1553.516,295.79575,500,9703.125
1095,1586.3488,298.3616,500,9753.8545
1096,1577.8058,298.31516,500,9708.244
1097,1523.9215,282.0246,500,9649.41
1098,1567.8228,297.30832,500,9686.819
1099,1587.238,299.11575,500,9692.384
1100,1568.2356,296.0148,500,9702.706
1101,1544.5094,290.787,500,9694.028
1102,1579.1257,293.40677,500,9739.02
1103,1589.181,296.06296,500,9726.562
1104,1574.6566,297.03766,500,9701.562
1105,1556.9663,291.49527,500,9706.191
1106,1589.6879,298.77408,500,9765.055
1107,1573.3749,297.11954,500,9742.688
1108,1603.9968,301.1721,500,9759.963
1109,1577.2219,296.25113,500,9751.677
1110,1565.0267,292.7194,500,9728.259
1111,1588.7953,297.36368,500,9752.332
1112,1602.0764,302.5922,500,9764.252
1113,1573.0067,294.64285,500,9718.232
1114,1558.7867,291.66324,500,9731.5
1115,1591.435,298.14667,500,9757.6045
1116,1585.5328,299.07007,500,9750.32
1117,1598.6969,299.3449,500,9758.088
1118,1590.1648,299.94864,500,9761.738
1119,1584.1971,298.7957,500,9766.97
1120,1577.4581,295.51483,500,9740.36
1121,1563.3469,302.45297,500,9748.869
1122,1592.9778,300.05624,500,9752.607
1123,1575.072,297.06454,500,9730.726
1124,1601.232,301.77737,500,9765.076
1125,1580.4833,295.23187,500,9727.833
1126,1589.2518,297.92654,500,9749.109
1127,1598.4218,298.34198,500,9748.276
1128,1601.7069,297.51355,500,9779.973
1129,1598.5576,300.74527,500,9770.829
1130,1591.8452,300.92407,500,9779.785
1131,1587.0535,300.9274,500,9758.439
1132,1581.931,295.84653,500,9717.988
1133,1563.6733,294.07098,500,9730.69
1134,1594.4348,301.0483,500,9757.461
1135,1562.2043,296.11526,500,9742.054
1136,1600.1584,300.2911,500,9768.012
1137,1586.2507,299.33997,500,9723.459
1138,1596.2722,301.9209,500,9762.72
1139,1574.4316,296.06888,500,9743.333
1140,1586.7096,299.1756,500,9757.095
1141,1589.0355,299.25232,500,9760.46
1142,1567.0475,300.73654,500,9762.145
1143,1603.581,304.97394,500,9760.809
1144,1587.0607,295.29126,500,9744.076
1145,1604.2864,305.57025,500,9757.859
1146,1579.9524,297.8985,500,9752.828
1147,1600.6144,302.0681,500,9778.786
1148,1602.0262,303.35056,500,9775.269
1149,1596.9788,294.59387,500,9757.224
1150,1588.4618,301.03177,500,9754.988
1151,1591.1202,304.74673,500,9755.478
1152,1609.2847,301.1727,500,9773.78
1153,1593.0233,297.12982,500,9746.923
1154,1585.6461,301.17526,500,9745.997
1155,1597.3846,295.36987,500,9745.448
1156,1567.3795,286.4364,500,9741.293
1157,1590.5973,299.86526,500,9751.366
1158,1593.8417,297.8526,500,9768.623
1159,1597.0626,300.30725,500,9775.157
1160,1597.4626,300.4974,500,9774.735
1161,1592.9866,300.30585,500,9753.636
1162,1595.6906,301.56396,500,9755.583
1163,1604.0208,298.63535,500,9774.759
1164,1600.4015,300.059,500,9756.425
1165,1610.3785,303.2951,500,9738.786
1166,1607.1603,304.03778,500,9774.734
1167,1585.8538,295.37967,500,9766.993
1168,1599.9,303.66562,500,9776.039
1169,1565.7087,286.62198,500,9771.542
1170,1580.6284,295.60117,500,9785.124
1171,1593.0737,300.68417,500,9784.17
1172,1589.4567,298.65433,500,9779.574
1173,1610.9146,302.5212,500,9781.205
1174,1611.2538,304.1206,500,9786.332
1175,1594.3567,302.67056,500,9776.9375
1176,1605.8439,299.39813,500,9782.76
1177,1583.0305,298.4525,500,9750.299
1178,1602.2462,301.9369,500,9767.453
1179,1592.7147,295.9489,500,9782.146
1180,1606.8981,302.96036,500,9779.543
1181,1603.5809,301.74518,500,9795.56
1182,1582.9658,296.66638,500,9769.346
1183,1596.1598,298.6804,500,9790.69
1184,1590.8297,299.80957,500,9768.334
1185,1586.6074,299.38696,500,9786.966
1186,1596.0394,300.32486,500,9806.119
1187,1598.2983,301.91174,500,9816.835
1188,1595.5795,295.74728,500,9798.925
1189,1609.467,299.0664,500,9825.678
1190,1597.0492,302.40674,500,9810.831
1191,1611.6404,303.0622,500,9831.425
1192,1585.04,301.43118,500,9788.462
1193,1609.2188,299.20764,500,9813.247
1194,1611.3551,305.06335,500,9801.675
1195,1603.9291,295.0204,500,9805.18
1196,1615.4098,301.88193,500,9813.87
1197,1596.6556,298.63522,500,9795.485
1198,1570.2981,294.15793,500,9777.9795
1199,1592.0914,300.19278,500,9801.005
1200,1602.5249,301.25146,500,9769.775
1201,1575.8939,298.76938,500,9749.65
1202,1613.0709,304.0639,500,9775.405
1203,1569.3926,291.95444,500,9772.297
1204,1605.4,301.56778,500,9790.1875
1205,1606.8766,304.82764,500,9799.463
1206,1607.572,303.2637,500,9810.879
1207,1593.4437,298.44128,500,9779.038
1208,1592.5294,298.7317,500,9766.681
1209,1598.9043,296.518,500,9773.258
1210,1589.4895,298.3956,500,9775.388
1211,1589.9498,300.23773,500,9771.119
1212,1578.6681,298.65222,500,9773.436
1213,1583.4847,291.6285,500,9791.562
1214,1585.9666,296.68478,500,9782.984
1215,1599.9176,301.40527,500,9781.731
1216,1599.4856,297.9243,500,9786.033
1217,1607.6041,302.08545,500,9798.894
1218,1606.2297,302.07278,500,9779.635
1219,1574.2277,295.5799,500,9762.662
1220,1607.9036,301.14664,500,9811.626
1221,1594.4814,298.81796,500,9773.468
1222,1604.7344,303.81192,500,9782.64
1223,1599.8046,300.53815,500,9788.051
1224,1603.7654,299.74658,500,9784.783
1225,1610.5598,302.6646,500,9798.142
1226,1591.9849,303.06128,500,9799.617
1227,1574.0114,298.57465,500,9759.836
1228,1577.181,296.0388,500,9786.929
1229,1609.7224,300.4571,500,9810.466
1230,1593.4512,299.4908,500,9786.449
1231,1584.5082,297.67413,500,9778.638
1232,1591.9071,297.89282,500,9776.408
1233,1584.8517,299.41806,500,9758.922
1234,1620.7023,302.1878,500,9812.569
1235,1590.9415,295.07034,500,9792.633
1236,1598.9465,300.46185,500,9787.813
1237,1597.5082,296.50922,500,9793.877
1238,1582.1213,300.71515,500,9768.138
1239,1610.5824,304.08218,500,9802.365
1240,1614.5934,303.05667,500,9799.1875
1241,1593.0883,302.2133,500,9797.545
1242,1599.786,299.53195,500,9788.421
1243,1599.2866,296.85568,500,9776.897
1244,1587.6597,298.51242,500,9792.589
1245,1612.4246,299.6444,500,9801.165
1246,1618.5985,304.82016,500,9804.123
1247,1599.6327,301.23788,500,9790.641
1248,1593.383,297.93045,500,9777.81
1249,1589.7542,300.0699,500,9789.001
1250,1586.9294,298.16525,500,9750.041
1251,1597.5172,299.60812,500,9782.532
1252,1588.5496,298.80484,500,9786.749
1253,1599.6598,294.6823,500,9776.475
1254,1591.51,302.46982,500,9760.096
1255,1598.3962,298.45865,500,9764.07
1256,1601.5682,299.59122,500,9800.072
1257,1596.689,301.5775,500,9778.048
1258,1601.6356,301.3841,500,9794.077
1259,1598.0505,293.8501,500,9787.599
1260,1614.9109,301.38638,500,9798.261
1261,1604.3813,301.40857,500,9773.683
1262,1594.7196,297.68573,500,9783.52
1263,1597.9352,294.8818,500,9768.2
1264,1596.5344,297.03516,500,9773.304
1265,1603.871,299.35306,500,9791.524
1266,1600.8,300.32703,500,9780.277
1267,1587.397,298.90598,500,9772.26
1268,1594.2313,295.2788,500,9808.968
1269,1600.2351,300.34387,500,9793.344
1270,1590.3336,299.52945,500,9782.393
1271,1587.9982,300.308,500,9791.022
1272,1581.8615,292.16586,500,9785.304
1273,1587.4291,298.8205,500,9777.124
1274,1573.6482,279.23404,500,9776.131
1275,1600.6228,297.73944,500,9787.342
1276,1610.8989,301.48425,500,9780.607
1277,1586.9911,292.9446,500,9784.401
1278,1576.3723,299.31885,500,9745.153
1279,1597.0682,298.8711,500,9761.221
1280,1596.3667,299.68268,500,9772.645
1281,1608.6799,299.90274,500,9794.051
1282,1604.4731,298.40857,500,9794.72
1283,1605.2947,302.9697,500,9797.107
1284,1591.2203,294.96786,500,9804.202
1285,1589.329,299.11688,500,9763.126
1286,1602.1052,301.77402,500,9802.09
1287,1585.6923,302.00525,500,9780.639
1288,1614.2332,301.6737,500,9803.381
1289,1597.3236,298.72888,500,9788.618
1290,1605.6008,303.2497,500,9769.079
1291,1598.5756,297.65955,500,9790.046
1292,1607.9851,301.85056,500,9785.011
1293,1609.0365,305.463,500,9778.2705
1294,1588.6781,295.70743,500,9744.439
1295,1605.937,301.00183,500,9780.918
1296,1595.2147,296.4077,500,9770.737
1297,1603.8917,295.9569,500,9781.54
1298,1582.8234,293.16553,500,9774.096
1299,1600.474,301.90912,500,9767.339
1300,1597.1868,301.42157,500,9748.926
1301,1615.2787,305.2519,500,9787.522
1302,1585.5752,297.57953,500,9762.688
1303,1621.766,305.6566,500,9801.484
1304,1604.2678,299.44867,500,9773.552
1305,1587.9253,295.54538,500,9766.082
1306,1622.8861,301.08862,500,9818.316
1307,1602.7588,304.65604,500,9780.935
1308,1612.8152,304.94135,500,9783.121
1309,1600.2905,297.55905,500,9785.57
1310,1609.7009,303.5617,500,9761.694
1311,1599.432,299.30966,500,9775.811
1312,1607.1732,304.44257,500,9796.203
1313,1619.7773,306.0484,500,9786.287
1314,1593.8192,303.7594,500,9784.782
1315,1604.5657,298.97394,500,9790.443
1316,1599.7821,297.77594,500,9761.481
1317,1617.8469,304.0799,500,9785.929
1318,1600.1326,297.91965,500,9780.241
1319,1606.2188,303.26825,500,9791.737
1320,1599.7642,300.08267,500,9697.372
1321,1603.6785,303.60297,500,9765.024
1322,1613.349,300.4073,500,9796.415
1323,1632.5105,307.0867,500,9767.078
1324,1597.736,297.2819,500,9784.668
1325,1606.7721,300.16602,500,9803.7705
1326,1594.6963,300.16202,500,9778.927
1327,1571.2467,294.34567,500,9751.925
1328,1599.9335,306.04214,500,9759.011
1329,1583.872,292.71957,500,9770.002
1330,1618.0576,304.09232,500,9806.367
1331,1584.3539,294.5366,500,9779.485
1332,1617.1389,301.49643,500,9798.874
1333,1614.7025,300.46884,500,9770.339
1334,1617.7644,301.61362,500,9788.533
1335,1612.2235,302.17633,500,9803.433
1336,1585.777,295.05353,500,9779.348
1337,1589.9751,297.45865,500,9752.443
1338,1603.7263,300.3183,500,9787.353
1339,1616.5157,304.50687,500,9774.629
1340,1605.7888,295.87405,500,9793.755
1341,1613.8882,306.23682,500,9802.993
1342,1588.8392,292.20108,500,9764.221
1343,1597.5708,298.05292,500,9782.654
1344,1616.8998,302.22644,500,9802.063
1345,1602.4742,301.8194,500,9769.051
1346,1600.2687,299.30338,500,9743.812
1347,1604.4752,300.57632,500,9794.223
1348,1595.1884,295.91064,500,9767.618
1349,1615.6228,302.9753,500,9805.115
1350,1598.755,302.0309,500,9780.134
1351,1616.9431,303.11716,500,9803.17
1352,1620.172,306.9809,500,9792.745
1353,1625.4144,307.0985,500,9776.211
1354,1614.2477,302.43414,500,9793.226
1355,1611.9594,303.55896,500,9780.212
1356,1599.8168,300.02036,500,9787.051
1357,1600.0833,297.31232,500,9727.871
1358,1590.8026,298.5145,500,9753.92
1359,1607.4158,303.16925,500,9763.07
1360,1595.8358,297.69083,500,9750.641
1361,1596.7219,301.5424,500,9782.692
1362,1627.6267,305.6321,500,9772.256
1363,1595.7815,302.01666,500,9774.607
1364,1581.6425,291.08313,500,9742.135
1365,1604.8774,304.79062,500,9790.287
1366,1594.0939,296.4545,500,9762.81
1367,1580.8376,296.46463,500,9757.316
1368,1619.8914,303.0617,500,9782.1
1369,1586.0886,293.72675,500,9729.478
1370,1595.8297,294.28348,500,9770.686
1371,1601.2296,299.17706,500,9781.397
1372,1613.7019,305.14243,500,9783.338
1373,1609.7028,302.4183,500,9762.933
1374,1594.9725,292.92563,500,9773.773
1375,1609.8201,297.05368,500,9772.515
1376,1601.9951,301.0456,500,9752.174
1377,1598.6091,293.46313,500,9765.806
1378,1604.2463,298.12656,500,9755.63
1379,1627.3112,305.5958,500,9804.603
1380,1616.5597,299.71716,500,9794.008
1381,1565.1593,296.13397,500,9737.151
1382,1581.88,299.00882,500,9730.909
1383,1606.0579,303.9193,500,9782.03
1384,1575.1355,297.467,500,9722.58
1385,1619.8059,303.01248,500,9790.4375
1386,1609.0502,302.42856,500,9780.657
1387,1600.3125,299.8975,500,9761.048
1388,1600.4344,302.35123,500,9759.208
1389,1577.1031,295.57327,500,9736.186
1390,1590.549,305.79886,500,9723.612
1391,1590.148,298.6818,500,9754.594
1392,1586.5161,295.30246,500,9754.414
1393,1582.5243,295.77777,500,9735.637
1394,1599.932,297.58258,500,9748.876
1395,1585.8436,296.74423,500,9727.469
1396,1581.0709,295.08194,500,9734.495
1397,1607.9678,301.13715,500,9766.942
1398,1609.4548,299.57678,500,9788.489
1399,1588.3627,299.6426,500,9728.498
1400,1578.0115,299.16312,500,9733.45
1401,1604.0189,296.78775,500,9780.208
1402,1604.753,298.7102,500,9775.26
1403,1589.7775,301.9448,500,9736.77
1404,1600.8271,297.20825,500,9750.692
1405,1602.9915,300.0039,500,9771.363
1406,1577.0112,298.4405,500,9741.893
1407,1584.8729,298.1322,500,9744.202
1408,1584.6709,296.6914,500,9750.216
1409,1602.4181,301.3269,500,9768.077
1410,1611.5792,306.9506,500,9773.839
1411,1584.7848,297.09283,500,9734.738
1412,1603.8606,301.87314,500,9752.926
1413,1580.0365,297.7205,500,9770.518
1414,1582.9255,295.6891,500,9747.467
1415,1558.5614,289.37442,500,9703.428
1416,1578.9657,295.3887,500,9720.535
1417,1549.2699,290.64618,500,9705.439
1418,1556.0271,287.6603,500,9703.325
1419,1546.959,293.88016,500,9687.068
1420,1565.041,288.9981,500,9697.49
1421,1542.653,295.368,500,9677.555
1422,1565.921,293.0265,500,9723.949
1423,1571.9988,290.84796,500,9715.999
1424,1559.9523,293.7755,500,9695.144
1425,1569.3224,293.3639,500,9692.768
1426,1544.6223,290.5799,500,9694.167
1427,1563.3127,294.52072,500,9711.198
1428,1559.3419,291.6872,500,9696.055
1429,1549.6257,290.2886,500,9695.888
1430,1543.2227,285.09937,500,9683.934
1431,1555.9954,291.1243,500,9689.459
1432,1529.1119,280.85977,500,9672.069
1433,1549.1813,290.19955,500,9680.752
1434,1522.8154,283.5802,500,9658.19
1435,1544.9757,292.3044,500,9673.429
1436,1548.066,290.73816,500,9675.978
1437,1553.7343,288.1348,500,9700.025
1438,1538.0024,289.35312,500,9662.541
1439,1547.16,290.12747,500,9673.747
1440,1569.7118,284.40585,500,9708.332
1441,1504.9391,273.42188,500,9543.848
1442,1529.2659,278.20303,500,9565.977
1443,1503.9612,275.78497,500,9493.385
1444,1547.0115,282.7463,500,9575.112
1445,1550.4512,288.65268,500,9612.229
1446,1475.979,276.79208,500,9528.901
1447,1467.5365,279.91858,500,9554.686
1448,1378.6228,262.7418,500,9427.296
1449,1384.8687,265.08463,500,9519.614
1450,1334.0526,262.91998,500,9497.779
1451,1289.8264,242.98412,500,9386.771
1452,1386.7417,262.3749,500,9400.072
1453,1371.991,259.77744,500,9345.227
1454,1412.7834,266.14783,500,9445.538
1455,1391.3708,265.86386,500,9416.572
1456,1430.9586,266.1185,500,9462.87
1457,1504.1155,284.68274,500,9567.217
1458,1517.0269,280.68933,500,9585.258
1459,1518.4008,281.97067,500,9594.011
1460,1581.3849,302.072,500,9710.143
1461,1577.1766,292.82904,500,9706.672
1462,1570.5343,296.0675,500,9717.706
1463,1588.3524,298.9779,500,9714.781
1464,1565.7456,295.80927,500,9720.334
1465,1544.8411,287.2779,500,9703.406
1466,1548.2007,292.90256,500,9690.876
1467,1575.5408,297.22534,500,9745.41
1468,1565.0074,294.9695,500,9719.122
1469,1569.2362,295.61258,500,9707.67
1470,1544.3099,291.1751,500,9695.223
1471,1568.0068,296.99533,500,9739.08
1472,1562.7803,289.37723,500,9697.792
1473,1555.6843,293.2536,500,9703.17
1474,1559.4017,296.47354,500,9688.828
1475,1576.1854,297.0312,500,9739.609
1476,1577.1323,298.6487,500,9719.653
1477,1556.4474,290.35046,500,9715.241
1478,1556.4438,290.67963,500,9737.051
1479,1552.444,294.24506,500,9729.354
1480,1555.175,296.27325,500,9722.269
1481,1573.905,299.6746,500,9742.766
1482,1569.459,287.84006,500,9737.133
1483,1572.0675,295.457,500,9723.597
1484,1570.4983,292.60428,500,9749.984
1485,1596.0485,296.8976,500,9745.489
1486,1566.683,294.64407,500,9734.505
1487,1569.0371,297.9064,500,9708.406
1488,1563.9897,293.61334,500,9716.368
1489,1558.2504,289.01642,500,9707.503
1490,1577.1844,291.34494,500,9776.849
1491,1586.6212,298.94003,500,9759.056
1492,1587.5898,295.039,500,9730.897
1493,1557.237,291.0554,500,9708.112
1494,1564.4193,294.9378,500,9746.037
1495,1589.2899,295.47202,500,9757.899
1496,1602.5566,297.75647,500,9728.1
1497,1597.413,298.18298,500,9754.12
1498,1581.229,297.2659,500,9756.681
1499,1559.3557,296.65884,500,9728.555
1500,1546.9928,298.8926,500,9693.634
1501,1551.8622,296.52155,500,9732.251
1502,1533.1661,284.32547,500,9712.759
1503,1576.3201,292.39304,500,9741.1455
1504,1601.0001,299.9171,500,9767.985
1505,1598.71,300.32205,500,9765.945
1506,1560.4688,293.34528,500,9759.684
1507,1562.9889,297.83972,500,9746.749
1508,1579.6179,300.08328,500,9758.536
1509,1575.8667,297.94058,500,9753.663
1510,1558.0161,298.35638,500,9746.097
1511,1568.404,298.81607,500,9729.178
1512,1575.9363,299.32355,500,9728.203
1513,1554.4387,286.19583,500,9736.976
1514,1593.5927,295.05234,500,9767.513
1515,1604.1787,299.3196,500,9777.709
1516,1586.7487,296.08957,500,9772.488
1517,1606.6046,304.3312,500,9783.924
1518,1594.2067,301.52332,500,9787.071
1519,1592.2795,292.98602,500,9771.488
1520,1591.0562,300.879,500,9762.599
1521,1589.1484,302.52402,500,9771.487
1522,1611.6891,304.36182,500,9800.955
1523,1612.636,300.1947,500,9781.355
1524,1586.9916,294.98007,500,9757.053
1525,1602.2804,296.3267,500,9792.804
1526,1585.5759,300.84497,500,9750.227
1527,1580.6531,301.22147,500,9745.122
1528,1570.5187,294.48404,500,9763.693
1529,1569.2311,297.07336,500,9725.66
1530,1551.4606,291.00583,500,9729.932
1531,1587.8187,297.89874,500,9743.3125
1532,1539.2511,289.26736,500,9734.047
1533,1613.2943,303.58087,500,9782.079
1534,1627.4149,306.08496,500,9789.1455
1535,1606.0232,301.8341,500,9800.225
1536,1611.5115,299.166,500,9802.801
1537,1598.8323,300.23453,500,9763.325
1538,1571.6213,294.61813,500,9751.216
1539,1600.3682,301.67746,500,9793.214
1540,1600.9933,299.07346,500,9779.94
1541,1604.0084,303.36923,500,9780.075
1542,1571.7222,289.35266,500,9754.799
1543,1577.9426,294.34518,500,9757.945
1544,1595.3983,299.97205,500,9771.643
1545,1614.6819,302.36777,500,9796.395
1546,1624.4813,308.00403,500,9794.809
1547,1602.0302,301.11658,500,9775.289
1548,1579.4312,292.9292,500,9758.63
1549,1628.5883,306.77905,500,9803.127
1550,1584.0441,291.3588,500,9748.051
1551,1590.2628,297.57574,500,9756.483
1552,1585.5656,299.1868,500,9766.78
1553,1586.9631,295.9169,500,9753.871
1554,1610.3313,303.82037,500,9781.783
1555,1591.9573,296.34933,500,9747.838
1556,1590.8783,302.61926,500,9755.325
1557,1604.9222,303.4606,500,9782.735
1558,1606.7168,301.67017,500,9775.947
1559,1592.137,298.9807,500,9745.6
1560,1609.9988,303.1865,500,9755.994
1561,1606.6112,304.83218,500,9775.959
1562,1574.5785,295.99353,500,9755.782
1563,1609.6266,299.65186,500,9796.256
1564,1577.6265,298.61612,500,9726.716
1565,1570.2656,286.49994,500,9746.605
1566,1594.5923,297.78928,500,9776.068
1567,1580.5166,302.3913,500,9791.155
1568,1575.321,296.6827,500,9763.215
1569,1616.6782,302.69574,500,9789.481
1570,1590.4327,297.03616,500,9738.286
1571,1602.1123,307.3662,500,9771.125
1572,1614.5052,303.95258,500,9787.587
1573,1602.0885,304.48837,500,9804.535
1574,1613.6726,302.13013,500,9796.718
1575,1603.7878,299.3073,500,9762.872
1576,1620.6975,301.9328,500,9796.983
1577,1584.0635,298.1332,500,9765.634
1578,1624.4847,310.39255,500,9814.852
1579,1592.1978,293.4165,500,9790.388
1580,1599.232,302.59296,500,9802.314
1581,1611.1216,299.88474,500,9801.215
1582,1580.8188,299.40463,500,9757.116
1583,1585.1871,295.64606,500,9755.344
1584,1602.8804,298.94522,500,9767.729
1585,1597.2158,297.8481,500,9757.152
1586,1595.7897,304.32767,500,9762.139
1587,1607.8805,301.09906,500,9788.801
1588,1609.9404,302.08536,500,9788.803
1589,1616.8937,300.50092,500,9783.93
1590,1596.2677,298.95267,500,9772.672
1591,1594.6263,297.6485,500,9776.541
1592,1632.5953,305.10403,500,9799.782
1593,1589.9885,297.32416,500,9770.27
1594,1599.8472,296.29083,500,9802.309
1595,1613.2504,306.25467,500,9783.79
1596,1622.7042,308.63303,500,9814.66
1597,1609.2382,300.065,500,9802.388
1598,1589.9648,302.14136,500,9764.961
1599,1604.0594,299.07083,500,9785.603
1600,1588.2922,292.24777,500,9762.105
1601,1612.6283,305.57675,500,9786.286
1602,1604.549,296.70038,500,9775.491
1603,1629.511,305.996,500,9798.883
1604,1608.3467,306.48376,500,9784.716
1605,1613.1461,303.95602,500,9796.003
1606,1573.8503,289.62497,500,9753.234
1607,1612.9879,300.15317,500,9789.88
1608,1605.933,300.90262,500,9794.335
1609,1595.426,295.30682,500,9773.136
1610,1611.3123,304.77377,500,9784.437
1611,1606.5284,299.2837,500,9785.28
1612,1621.7515,303.0778,500,9812.512
1613,1582.2853,299.10614,500,9753.937
1614,1585.1985,304.16306,500,9747.195
1615,1626.4878,302.0211,500,9807.987
1616,1615.566,303.9626,500,9780.659
1617,1621.6061,308.67902,500,9795.313
1618,1619.9725,303.7255,500,9794.726
1619,1607.3142,299.1093,500,9768.132
1620,1607.1351,307.3779,500,9779.512
1621,1602.2229,302.0546,500,9778.168
1622,1621.6566,301.73514,500,9811.565
1623,1613.9226,299.75134,500,9804.23
1624,1624.218,303.05682,500,9807.176
1625,1593.1666,297.94547,500,9757.924
1626,1617.8345,300.61557,500,9788.336
1627,1620.429,303.6467,500,9804.3
1628,1584.1558,296.0177,500,9760.592
1629,1616.6322,305.4624,500,9766.836
1630,1613.4375,300.6525,500,9794.375
1631,1612.2605,307.9882,500,9797.602
1632,1606.4731,298.13257,500,9764.732
1633,1617.6699,306.13574,500,9786.703
1634,1611.9341,298.93774,500,9769.345
1635,1630.525,310.1085,500,9785.255
1636,1609.3469,302.57315,500,9773.85
1637,1606.3195,307.37805,500,9778.196
1638,1626.1031,305.93613,500,9808.6045
1639,1599.5502,297.8949,500,9771.632
1640,1600.518,297.17786,500,9738.823
1641,1585.6091,296.07996,500,9745.458
1642,1613.7886,303.42096,500,9782.885
1643,1622.0964,303.45895,500,9795.966
1644,1625.701,309.417,500,9792.018
1645,1605.3033,300.7475,500,9783.023
1646,1606.3821,300.81537,500,9783.818
1647,1612.9269,299.33966,500,9799.268
1648,1580.1735,297.13684,500,9756.854
1649,1619.5219,303.8201,500,9785.214
1650,1618.9606,307.64902,500,9809.6045
1651,1615.3453,301.878,500,9798.459
1652,1605.9973,300.71048,500,9807.706
1653,1567.3329,296.65082,500,9773.333
1654,1611.415,297.79404,500,9794.152
1655,1605.7374,303.19012,500,9790.099
1656,1621.6287,308.214,500,9776.282
1657,1621.2699,306.44098,500,9764.155
1658,1616.662,301.69766,500,9796.614
1659,1595.183,299.93887,500,9769.421
1660,1599.3287,302.96396,500,9758.283
1661,1623.0065,301.66425,500,9795.055
1662,1610.0408,301.5759,500,9785.403
1663,1624.155,308.14294,500,9785.712
1664,1626.87,303.35886,500,9778.693
1665,1603.0974,301.2195,500,9790.757
1666,1621.7201,304.90726,500,9804.979
1667,1622.6194,300.6709,500,9806.188
1668,1586.2996,297.06494,500,9768.386
1669,1603.2617,299.92572,500,9787.627
1670,1608.872,297.26096,500,9802.024
1671,1601.4742,302.44415,500,9778.203
1672,1616.3945,304.4932,500,9795.064
1673,1617.2196,303.66284,500,9811.98
1674,1588.7096,297.34195,500,9772.096
1675,1612.3806,301.31274,500,9808.792
1676,1623.1086,307.28027,500,9799.503
1677,1585.5121,300.63254,500,9782.769
1678,1615.6858,301.3309,500,9811.861
1679,1598.5695,294.53812,500,9795.699
1680,1603.1853,297.40176,500,9771.846
1681,1616.3198,303.52856,500,9808.199
1682,1611.7783,307.63623,500,9798.188
1683,1624.6292,307.3612,500,9806.285
1684,1585.6111,297.96317,500,9801.111
1685,1600.3518,300.6991,500,9793.515
1686,1605.1641,300.14066,500,9811.636
1687,1617.2559,299.29755,500,9810.096
1688,1624.3677,303.69464,500,9813.673
1689,1615.3239,307.7795,500,9793.24
1690,1601.7484,297.76712,500,9792.487
1691,1609.3765,304.41565,500,9798.764
1692,1604.3986,301.14246,500,9796.224
1693,1633.8834,303.69156,500,9818.834
1694,1612.6691,308.2455,500,9816.686
1695,1583.7072,294.29178,500,9765.129
1696,1612.5442,304.34998,500,9798.288
1697,1596.3257,300.9168,500,9773.252
1698,1615.1539,304.38675,500,9801.534
1699,1611.3976,302.86447,500,9783.756
1700,1609.7231,303.15402,500,9797.227
1701,1593.9187,293.05493,500,9801.714
1702,1568.1528,300.69193,500,9758.696
1703,1615.3481,303.69843,500,9803.481
1704,1597.152,302.0065,500,9795.587
1705,1610.094,300.43573,500,9790.932
1706,1611.9576,305.2977,500,9784.868
1707,1630.1526,306.75452,500,9811.53
1708,1606.259,303.38766,500,9792.59
1709,1605.6671,302.29666,500,9799.449
1710,1592.5607,300.66525,500,9790.608
1711,1598.3262,302.7346,500,9776.493
1712,1585.8384,299.5694,500,9766.09
1713,1575.4666,292.81168,500,9759.656
1714,1580.9257,293.98795,500,9779.257
1715,1595.6378,301.6897,500,9764.01
1716,1617.9844,306.7006,500,9794.832
1717,1601.9164,299.66183,500,9802.527
1718,1601.4568,296.4878,500,9779.559
1719,1588.2665,298.874,500,9782.666
1720,1576.1069,295.62347,500,9776.069
1721,1582.9583,292.91187,500,9784.581
1722,1593.096,303.8082,500,9793.542
1723,1595.0684,298.1787,500,9794.361
1724,1597.517,297.1374,500,9760.167
1725,1603.5042,298.83334,500,9800.031
1726,1584.4768,300.7638,500,9769.758
1727,1591.1156,301.33344,500,9774.104
1728,1591.5288,298.95276,500,9782.784
1729,1572.2512,301.08975,500,9755.269
1730,1590.667,302.284,500,9767.61
1731,1570.3514,297.30127,500,9764.027
1732,1602.8629,299.58975,500,9789.23
1733,1584.0227,293.79242,500,9765.228
1734,1576.578,293.87442,500,9722.692
1735,1603.1609,302.99496,500,9786.614
1736,1571.672,291.52246,500,9726.723
1737,1605.4175,299.86053,500,9799.172
1738,1599.1057,302.90436,500,9781.052
1739,1568.014,294.16046,500,9775.137
1740,1593.3173,302.72125,500,9768.173
1741,1592.8099,300.16116,500,9798.095
1742,1579.5444,298.3588,500,9785.443
1743,1572.3119,297.59018,500,9768.114
1744,1588.3164,292.66077,500,9788.15
1745,1583.2739,300.05118,500,9762.742
1746,1598.9639,298.26498,500,9774.643
1747,1577.9918,296.14267,500,9759.914
1748,1580.3475,296.15915,500,9773.471
1749,1580.3552,294.42575,500,9783.544
1750,1589.273,295.03387,500,9777.723
1751,1584.3484,299.58252,500,9783.4795
1752,1599.351,299.6279,500,9788.512
1753,1585.6396,292.95264,500,9786.395
1754,1579.8834,295.2756,500,9778.832
1755,1587.8083,296.65866,500,9773.031
1756,1603.7115,299.77432,500,9792.105
1757,1587.6638,303.9253,500,9774.656
1758,1589.0507,298.8821,500,9785.506
1759,1596.4064,299.185,500,9784.06
1760,1600.471,301.40604,500,9799.708
1761,1593.8877,300.55276,500,9781.546
1762,1590.3389,296.23056,500,9793.384
1763,1559.0256,294.9645,500,9760.258
1764,1576.4998,284.3002,500,9779.99
1765,1583.44,297.55777,500,9784.006
1766,1555.4008,293.53232,500,9758.136
1767,1586.4882,296.93884,500,9772.87
1768,1576.8164,297.63242,500,9703.155
1769,1593.2819,300.43744,500,9775.053
1770,1575.5071,294.19424,500,9777.917
1771,1614.6854,304.86523,500,9791.845
1772,1583.7538,295.4416,500,9764.107
1773,1595.5419,300.3846,500,9780.417
1774,1598.5637,297.58475,500,9775.638
1775,1600.0854,294.38132,500,9800.075
1776,1607.747,303.06705,500,9782.475
1777,1604.3702,299.3315,500,9801.708
1778,1611.4619,298.73434,500,9789.617
1779,1608.8412,301.91718,500,9803.795
1780,1570.3762,292.45117,500,9788.764
1781,1603.3547,298.35294,500,9798.55
1782,1613.5543,299.08905,500,9815.536
1783,1596.8585,297.0133,500,9798.583
1784,1588.9891,296.78302,500,9784.884
1785,1605.169,302.63852,500,9771.688
1786,1592.3876,301.6037,500,9784.462
1787,1608.3247,303.54578,500,9779.31
1788,1584.6213,292.96384,500,9768.18
1789,1589.6824,295.51846,500,9771.82
1790,1563.5576,293.53912,500,9760.57
1791,1582.0677,291.24243,500,9760.322
1792,1570.992,294.42798,500,9741.749
1793,1585.5048,291.345,500,9775.043
1794,1568.9684,294.50558,500,9755.879
1795,1585.4872,293.6778,500,9744.765
1796,1615.684,306.41257,500,9804.861
1797,1611.8943,303.95355,500,9803.938
1798,1601.7576,301.42264,500,9807.564
1799,1601.745,299.59537,500,9802.461
1800,1574.087,295.03192,500,9770.865
1801,1590.0686,294.7489,500,9798.576
1802,1592.2058,302.3931,500,9799.875
1803,1590.7307,298.2689,500,9792.295
1804,1586.6213,290.14664,500,9801.208
1805,1581.9403,297.11105,500,9778.498
1806,1531.8693,292.7387,500,9687.246
1807,1583.3094,296.0122,500,9783.127
1808,1576.6493,294.2292,500,9734.591
1809,1590.0459,297.65366,500,9781.496
1810,1581.2386,299.32037,500,9792.376
1811,1580.2474,289.5351,500,9802.46
1812,1573.5905,291.21713,500,9785.903
1813,1576.7178,303.01718,500,9750.172
1814,1586.6964,293.1564,500,9785.008
1815,1554.0209,295.1771,500,9770.553
1816,1590.4828,300.81375,500,9784.826
1817,1585.5658,299.17413,500,9789.342
1818,1589.0593,297.66873,500,9778.084
1819,1587.574,301.62326,500,9795.736
1820,1574.9281,289.63763,500,9777.566
1821,1602.7384,300.52502,500,9807.388
1822,1593.6621,301.23785,500,9775.583
1823,1588.4021,296.11023,500,9782.41
1824,1596.2916,297.0982,500,9792.911
1825,1581.8118,294.85165,500,9772.821
1826,1608.9049,297.92117,500,9804.048
1827,1592.9441,293.5644,500,9794.444
1828,1606.898,301.53992,500,9798.978
1829,1570.2771,299.11023,500,9731.86
1830,1580.343,295.0696,500,9786.653
1831,1586.5153,303.13004,500,9728.327
1832,1578.0007,296.8044,500,9780.007
1833,1571.5004,293.04294,500,9711.835
1834,1607.9856,295.85657,500,9799.011
1835,1586.1387,300.07083,500,9779.243
1836,1581.369,294.37906,500,9788.781
1837,1594.619,300.3714,500,9791.189
1838,1612.882,301.31274,500,9813.812
1839,1608.2919,303.29123,500,9812.909
1840,1586.6631,294.07755,500,9785.201
1841,1580.1107,291.21405,500,9771.108
1842,1581.8783,297.03983,500,9779.903
1843,1575.4243,293.01883,500,9787.716
1844,1613.7542,304.78604,500,9796.335
1845,1588.2273,293.44568,500,9737.267
1846,1588.707,297.80908,500,9779.705
1847,1600.641,304.8632,500,9746.401
1848,1593.394,297.11508,500,9798.942
1849,1576.5751,295.30542,500,9771.679
1850,1598.7203,298.26266,500,9796.331
1851,1611.8391,297.2176,500,9812.537
1852,1565.8947,289.1815,500,9729.999
1853,1598.033,302.41043,500,9790.326
1854,1593.0131,302.13617,500,9790.128
1855,1574.536,298.1727,500,9785.353
1856,1576.0197,299.4936,500,9768.727
1857,1553.1447,282.88092,500,9741.44
1858,1575.6051,291.10382,500,9779.7705
1859,1587.8456,288.4677,500,9730.947
1860,1550.2323,294.22763,500,9722.071
1861,1598.9083,305.54947,500,9789.09
1862,1593.847,300.07047,500,9778.468
1863,1607.0325,300.46567,500,9810.322
1864,1605.5112,302.8503,500,9799.272
1865,1604.2598,299.2771,500,9787.598
1866,1565.1251,297.4862,500,9730.68
1867,1582.7579,300.41766,500,9721.471
1868,1575.9446,291.26056,500,9685.907
1869,1605.811,301.87268,500,9773.1045
1870,1589.6681,299.05444,500,9781.682
1871,1608.1906,297.5898,500,9796.907
1872,1603.6516,295.58926,500,9765.189
1873,1585.3206,295.45743,500,9771.036
1874,1590.9834,298.69366,500,9751.458
1875,1595.7501,300.43576,500,9775.324
1876,1602.1489,298.9221,500,9780.059
1877,1560.0553,292.05048,500,9737.516
1878,1617.1003,299.55634,500,9800.995
1879,1603.1466,303.273,500,9785.369
1880,1589.8265,295.3346,500,9793.265
1881,1551.7822,287.2123,500,9750.891
1882,1580.9401,294.90054,500,9756.531
1883,1567.8385,296.15625,500,9744.09
1884,1580.9216,295.63342,500,9772.118
1885,1584.5549,294.17618,500,9763.626
1886,1574.6711,301.3637,500,9750.855
1887,1608.858,302.5955,500,9808.181
1888,1573.3073,287.501,500,9762.137
1889,1572.5533,302.09683,500,9754.353
1890,1579.1583,296.00507,500,9749.602
1891,1600.616,304.31903,500,9786.298
1892,1589.672,296.30844,500,9772.405
1893,1576.4573,296.60446,500,9769.579
1894,1550.4008,289.22345,500,9727.194
1895,1559.3839,294.80096,500,9744.202
1896,1554.9032,291.25687,500,9749.031
1897,1575.0739,296.4763,500,9734.353
1898,1585.261,296.40656,500,9789.735
1899,1575.27,291.51355,500,9743.42
1900,1566.0201,295.14185,500,9738.635
1901,1549.0708,285.17407,500,9673.625
1902,1587.1268,299.32938,500,9761.262
1903,1574.6223,290.46747,500,9749.757
1904,1594.7087,293.91476,500,9787.087
1905,1592.1465,297.62262,500,9779.602
1906,1572.4921,290.236,500,9729.283
1907,1609.8751,299.43256,500,9798.752
1908,1568.9788,293.67203,500,9757.077
1909,1587.4048,301.063,500,9782.276
1910,1606.2208,301.8217,500,9792.215
1911,1543.9445,290.51105,500,9724.859
1912,1597.3475,296.00095,500,9783.6455
1913,1610.3046,301.27643,500,9773.051
1914,1600.686,304.3737,500,9784.663
1915,1542.1897,291.48373,500,9702.727
1916,1567.8231,290.7966,500,9751.851
1917,1582.1404,294.31137,500,9776.405
1918,1571.643,297.97098,500,9732.526
1919,1575.7992,303.02295,500,9765.3
1920,1593.498,300.67532,500,9773.306
1921,1597.4257,295.4174,500,9794.994
1922,1584.9171,291.04657,500,9754.171
1923,1499.9453,279.6385,500,9607.8545
1924,1558.4584,293.49554,500,9742.63
1925,1600.3356,304.93945,500,9779.755
1926,1558.7542,294.35052,500,9658.084
1927,1557.3534,284.0852,500,9668.902
1928,1537.8057,295.25812,500,9711.37
1929,1578.3202,293.08325,500,9761.498
1930,1579.1971,297.51193,500,9748.315
1931,1587.222,296.8712,500,9773.119
1932,1553.4576,293.38092,500,9710.875
1933,1552.1393,292.39737,500,9735.613
1934,1559.5801,299.01724,500,9723.072
1935,1575.2739,288.4326,500,9758.687
1936,1574.6515,289.26477,500,9741.221
1937,1587.0326,296.58084,500,9761.186
1938,1580.579,296.12842,500,9763.501
1939,1593.3392,300.50604,500,9781.299
1940,1585.4214,295.13718,500,9756.654
1941,1583.8625,294.68866,500,9747.4375
1942,1589.6646,297.9612,500,9771.648
1943,1613.1835,302.81458,500,9796.827
1944,1586.5093,290.75546,500,9780.092
1945,1567.6033,292.57816,500,9756.013
1946,1595.0486,297.62024,500,9750.4795
1947,1597.7892,298.0913,500,9780.728
1948,1574.273,300.28384,500,9747.099
1949,1599.4137,295.7292,500,9794.139
1950,1599.5673,299.78378,500,9790.672
1951,1568.2863,291.03058,500,9771.285
1952,1579.3875,299.3063,500,9780.182
1953,1575.244,298.79187,500,9742.14
1954,1553.1763,289.88754,500,9740.973
1955,1583.9303,296.8966,500,9771.884
1956,1601.2142,294.68936,500,9795.946
1957,1570.8427,295.75604,500,9768.295
1958,1581.5496,294.4203,500,9775.496
1959,1573.697,288.3385,500,9763.666
1960,1568.3542,295.07224,500,9758.551
1961,1589.4993,295.32034,500,9769.992
1962,1587.344,297.62155,500,9770.979
1963,1583.2373,293.99323,500,9772.379
1964,1573.8701,296.44968,500,9762.545
1965,1506.5385,284.5015,500,9614.225
1966,1593.6257,299.4159,500,9791.259
1967,1600.0697,298.06876,500,9790.696
1968,1599.3097,297.16608,500,9788.092
1969,1600.3634,298.92694,500,9798.639
1970,1602.0907,298.99536,500,9790.91
1971,1582.5399,291.12997,500,9766.233
1972,1586.5687,296.50635,500,9779.779
1973,1583.36,290.99854,500,9793.603
1974,1605.5902,298.65274,500,9815.898
1975,1552.2683,294.46823,500,9692.759
1976,1581.1902,293.2716,500,9784.912
1977,1556.5543,292.50873,500,9740.354
1978,1604.5643,290.44717,500,9775.637
1979,1576.587,303.26843,500,9714.754
1980,1584.7177,294.23615,500,9767.172
1981,1599.2107,299.32755,500,9772.116
1982,1597.3748,299.74698,500,9783.751
1983,1585.8568,288.33847,500,9751.54
1984,1576.2758,289.68234,500,9767.8955
1985,1523.1376,276.9826,500,9719.264
1986,1590.0414,299.46277,500,9764.675
1987,1582.6362,296.06894,500,9751.479
1988,1599.129,302.09726,500,9786.283
1989,1570.1077,296.02548,500,9781.07
1990,1585.076,297.22928,500,9770.763
1991,1571.1024,298.89493,500,9768.661
1992,1571.9662,301.14966,500,9747.812
1993,1569.4507,283.78394,500,9731.657
1994,1602.3722,300.62064,500,9781.911
1995,1568.6433,295.6008,500,9763.459
1996,1596.1904,300.78165,500,9786.902
1997,1560.0519,290.97443,500,9768.033
1998,1577.0421,299.66287,500,9778.687
1999,1578.4891,292.50778,500,9761.642
2000,1540.7366,295.82495,500,9735.276
2001,1554.1432,288.10205,500,9700.189
2002,1570.9344,293.91995,500,9747.082
2003,1589.7125,294.94247,500,9762.295
2004,1597.5408,300.67142,500,9770.411
2005,1585.9084,287.71353,500,9752.915
2006,1608.8186,303.6521,500,9798.574
2007,1595.0624,298.5377,500,9784.592
2008,1583.6965,300.57367,500,9765.027
2009,1590.0002,300.51923,500,9785.0
2010,1602.1488,301.18042,500,9789.368
2011,1578.2792,292.7137,500,9755.441
2012,1592.286,298.99045,500,9797.853
2013,1608.2872,299.91748,500,9797.862
2014,1588.0718,294.31195,500,9775.719
2015,1564.8052,290.73053,500,9740.557
2016,1577.6996,295.4374,500,9775.328
2017,1596.6893,299.2071,500,9801.151
2018,1600.992,298.96722,500,9799.914
2019,1573.0713,299.39328,500,9775.713
2020,1529.1074,288.5805,500,9754.686
2021,1591.1924,293.77753,500,9796.915
2022,1573.356,293.2148,500,9783.561
2023,1585.4706,297.865,500,9774.561
2024,1583.5781,295.5249,500,9767.035
2025,1580.982,296.2198,500,9762.133
2026,1580.5856,281.951,500,9769.238
2027,1579.163,294.7115,500,9781.634
2028,1592.0953,294.23773,500,9789.211
2029,1586.6909,298.69507,500,9774.682
2030,1579.8633,297.94534,500,9773.629
2031,1551.3156,295.0528,500,9691.279
2032,1574.6638,293.9361,500,9754.047
2033,1559.322,287.6253,500,9737.193
2034,1545.2357,290.0212,500,9706.606
2035,1579.3357,288.42706,500,9755.514
2036,1540.3373,283.16113,500,9768.995
2037,1602.7676,299.31375,500,9780.523
2038,1580.0426,295.19513,500,9757.825
2039,1583.0,294.4887,500,9784.993
2040,1594.3926,296.06836,500,9793.927
2041,1588.3843,300.29834,500,9769.576
2042,1604.8556,302.26154,500,9793.554
2043,1565.3835,294.9761,500,9758.584
2044,1550.2786,295.44507,500,9742.539
2045,1578.4674,296.2451,500,9755.233
2046,1549.2924,298.01373,500,9726.39
2047,1574.4583,289.65112,500,9794.58
2048,1597.5713,298.8366,500,9784.31
2049,1589.4266,303.30554,500,9772.806
2050,1552.4388,299.37973,500,9742.154
2051,1557.6771,292.039,500,9756.719
2052,1593.2383,298.36407,500,9772.788
2053,1588.5995,297.22415,500,9780.685
2054,1583.0895,299.9483,500,9769.754
2055,1538.8953,289.8241,500,9742.014
2056,1565.2753,289.28043,500,9750.971
2057,1573.0392,288.1127,500,9771.589
2058,1538.5992,290.15433,500,9752.415
2059,1582.7332,297.0799,500,9747.331
2060,1601.3325,301.78888,500,9769.878
2061,1613.2062,303.66452,500,9802.062
2062,1598.7727,300.51678,500,9782.734
2063,1592.8096,304.78314,500,9788.102
2064,1590.4985,299.0824,500,9789.982
2065,1599.85,292.351,500,9786.23
2066,1580.4943,298.82776,500,9763.386
2067,1583.0719,294.4063,500,9790.72
2068,1587.3416,299.06522,500,9752.826
2069,1598.3636,297.5699,500,9808.63
2070,1535.4493,290.57034,500,9706.396
2071,1548.7853,283.85693,500,9757.582
2072,1592.5541,296.86975,500,9768.589
2073,1589.281,301.01883,500,9790.842
2074,1591.425,296.36694,500,9772.561
2075,1590.079,299.56815,500,9721.606
2076,1580.0773,295.81573,500,9749.089
2077,1613.7646,301.47107,500,9772.649
2078,1599.8623,301.48566,500,9773.614
2079,1589.1815,295.98596,500,9776.815
2080,1585.1602,293.09778,500,9781.6045
2081,1603.9445,304.07043,500,9776.257
2082,1600.0376,298.9302,500,9790.759
2083,1592.7644,293.5042,500,9770.411
2084,1599.431,294.55286,500,9799.306
2085,1550.8584,291.2653,500,9748.582
2086,1553.7041,294.49094,500,9767.275
2087,1575.4922,288.88327,500,9771.849
2088,1608.9349,300.9684,500,9794.35
2089,1574.606,294.123,500,9749.0
2090,1576.3425,286.7665,500,9772.454
2091,1605.8809,304.17206,500,9782.106
2092,1603.8701,307.0641,500,9793.704
2093,1576.2969,296.2992,500,9747.965
2094,1562.6437,296.61655,500,9768.083
2095,1595.1874,292.63,500,9793.264
2096,1591.4153,306.56702,500,9774.947
2097,1591.7938,303.7164,500,9779.585
2098,1582.0254,302.59854,500,9775.26
2099,1594.1799,296.65048,500,9785.99
2100,1574.0889,297.5625,500,9753.805
2101,1606.9773,301.5994,500,9774.765
2102,1616.6128,307.76852,500,9810.931
2103,1620.5363,303.51547,500,9814.256
2104,1600.1273,300.49564,500,9796.662
2105,1549.938,293.36487,500,9751.788
2106,1586.0159,284.6411,500,9786.254
2107,1589.3348,302.0552,500,9775.541
2108,1590.5968,289.7011,500,9780.968
2109,1568.7117,298.11972,500,9769.859
2110,1575.3044,294.16888,500,9745.115
2111,1600.6898,298.04352,500,9770.002
2112,1592.1141,296.42447,500,9778.74
2113,1591.6978,299.44916,500,9744.812
2114,1581.754,295.07288,500,9747.442
2115,1595.9086,303.0614,500,9789.095
2116,1588.7185,289.4159,500,9772.968
2117,1577.4202,288.884,500,9779.681
2118,1586.3525,298.70938,500,9787.144
2119,1562.1229,296.871,500,9718.79
2120,1607.6089,300.03165,500,9776.085
2121,1596.1505,299.42303,500,9781.502
2122,1596.9631,297.3905,500,9782.773
2123,1598.8455,297.0003,500,9787.909
2124,1609.6328,300.29636,500,9796.326
2125,1610.131,302.6874,500,9794.393
2126,1584.6313,298.7222,500,9781.313
2127,1607.1464,300.75165,500,9794.212
2128,1592.469,297.38812,500,9772.988
2129,1578.8165,289.51868,500,9758.159
2130,1592.7344,296.58643,500,9754.868
2131,1604.7954,304.07874,500,9767.953
2132,1611.9767,297.92877,500,9814.767
2133,1580.6481,287.92148,500,9740.821
2134,1595.75,298.6968,500,9747.497
2135,1583.2328,298.8787,500,9742.958
2136,1583.5913,299.75546,500,9793.304
2137,1483.6871,291.096,500,9740.212
2138,1579.7739,302.4722,500,9772.735
2139,1584.0381,301.5097,500,9743.301
2140,1575.6255,288.86072,500,9741.194
2141,1585.0497,299.33112,500,9765.5
2142,1613.7653,303.34656,500,9772.654
2143,1582.4735,292.57318,500,9747.513
2144,1567.3462,302.1043,500,9756.843
2145,1592.3514,293.27692,500,9775.534
2146,1597.0817,295.19815,500,9765.819
2147,1582.1838,297.2047,500,9719.016
2148,1631.1246,303.84998,500,9806.242
2149,1614.1008,300.88217,500,9787.155
2150,1604.4117,303.48608,500,9771.575
2151,1578.6273,301.1467,500,9766.275
2152,1598.3022,296.89923,500,9778.028
2153,1598.49,296.89713,500,9782.589
2154,1608.2532,298.80035,500,9782.079
2155,1584.2734,290.7413,500,9769.191
2156,1617.728,303.1837,500,9792.285
2157,1591.9987,295.36496,500,9794.981
2158,1623.1975,300.70798,500,9801.978
2159,1610.5259,298.35062,500,9795.257
2160,1610.2913,300.17456,500,9795.852
2161,1565.3796,297.54538,500,9770.146
2162,1600.0411,300.39774,500,9795.412
2163,1588.4291,299.69943,500,9772.108
2164,1615.921,303.1571,500,9789.212
2165,1597.2249,303.79282,500,9792.252
2166,1586.0724,300.15768,500,9760.718
2167,1599.712,292.3261,500,9792.117
2168,1627.9862,303.49622,500,9819.868
2169,1586.0149,291.56592,500,9785.151
2170,1566.0055,291.70245,500,9732.691
2171,1598.4326,294.76813,500,9770.125
2172,1593.8279,299.1243,500,9782.556
2173,1592.8474,298.6993,500,9772.516
2174,1595.4133,297.19373,500,9771.777
2175,1589.2201,299.84982,500,9787.198
2176,1600.1531,295.71463,500,9789.62
2177,1535.922,294.95786,500,9753.477
2178,1574.1115,291.35553,500,9774.411
2179,1601.6371,294.6664,500,9798.931
2180,1573.8146,291.20734,500,9785.807
2181,1589.5532,296.4903,500,9770.187
2182,1538.206,281.57175,500,9739.019
2183,1590.5718,298.2952,500,9793.509
2184,1558.1401,294.8952,500,9757.417
2185,1596.0144,300.03555,500,9785.142
2186,1615.3413,301.9028,500,9803.408
2187,1578.8364,294.0239,500,9782.966
2188,1612.6797,301.8932,500,9790.97
2189,1584.3683,296.81537,500,9768.684
2190,1589.6351,298.48526,500,9766.344
2191,1616.1028,304.8473,500,9786.029
2192,1609.331,300.4189,500,9788.304
2193,1576.9626,297.64996,500,9757.172
2194,1558.4752,277.74982,500,9783.126
2195,1613.4578,295.53625,500,9798.184
2196,1577.7714,287.7551,500,9780.82
2197,1584.4897,296.09998,500,9767.864
2198,1575.0204,293.22012,500,9717.374
2199,1588.1909,294.49228,500,9756.06
2200,1571.8391,294.3537,500,9773.449
2201,1600.732,296.87988,500,9797.318
2202,1573.965,296.94724,500,9762.238
2203,1611.625,305.4409,500,9786.24
2204,1610.2867,291.1015,500,9782.16
2205,1596.1031,297.8756,500,9781.031
2206,1579.4891,291.13647,500,9740.254
2207,1610.7075,300.19205,500,9777.079
2208,1564.1394,297.48453,500,9742.823
2209,1616.0612,298.77975,500,9795.613
2210,1625.1312,306.56467,500,9801.304
2211,1566.99,286.99503,500,9777.87
2212,1588.662,301.97577,500,9787.193
2213,1585.2524,298.82755,500,9789.433
2214,1604.7848,300.62445,500,9797.844
2215,1577.0988,296.79123,500,9775.681
2216,1587.887,299.63156,500,9763.863
2217,1612.8546,296.9972,500,9813.551
